timestamp,activity
10/1/2011 0:38,A_SUBMITTED
10/1/2011 0:38,A_PARTLYSUBMITTED
10/1/2011 0:39,A_PREACCEPTED
10/1/2011 0:39,W_Completeren aanvraag
10/1/2011 8:08,A_SUBMITTED
10/1/2011 8:09,A_PARTLYSUBMITTED
10/1/2011 8:09,A_PREACCEPTED
10/1/2011 8:09,W_Completeren aanvraag
10/1/2011 8:10,A_SUBMITTED
10/1/2011 8:10,A_PARTLYSUBMITTED
10/1/2011 8:11,A_SUBMITTED
10/1/2011 8:11,A_PARTLYSUBMITTED
10/1/2011 8:11,A_PREACCEPTED
10/1/2011 8:11,W_Completeren aanvraag
10/1/2011 8:11,A_DECLINED
10/1/2011 8:15,A_SUBMITTED
10/1/2011 8:15,A_PARTLYSUBMITTED
10/1/2011 8:16,A_DECLINED
10/1/2011 9:45,A_SUBMITTED
10/1/2011 9:45,A_PARTLYSUBMITTED
10/1/2011 9:45,A_SUBMITTED
10/1/2011 9:45,A_PARTLYSUBMITTED
10/1/2011 9:46,A_PREACCEPTED
10/1/2011 9:46,W_Completeren aanvraag
10/1/2011 9:46,W_Afhandelen leads
10/1/2011 9:57,A_SUBMITTED
10/1/2011 9:57,A_PARTLYSUBMITTED
10/1/2011 9:58,A_PREACCEPTED
10/1/2011 9:58,W_Completeren aanvraag
10/1/2011 9:58,A_SUBMITTED
10/1/2011 9:58,A_PARTLYSUBMITTED
10/1/2011 9:58,W_Afhandelen leads
10/1/2011 9:59,A_SUBMITTED
10/1/2011 9:59,A_PARTLYSUBMITTED
10/1/2011 9:59,A_PREACCEPTED
10/1/2011 9:59,W_Completeren aanvraag
10/1/2011 10:08,W_Afhandelen leads
10/1/2011 10:10,A_PREACCEPTED
10/1/2011 10:10,W_Completeren aanvraag
10/1/2011 10:10,W_Afhandelen leads
10/1/2011 10:15,W_Afhandelen leads
10/1/2011 10:16,A_PREACCEPTED
10/1/2011 10:16,W_Completeren aanvraag
10/1/2011 10:16,W_Afhandelen leads
10/1/2011 10:26,W_Completeren aanvraag
10/1/2011 10:27,W_Completeren aanvraag
10/1/2011 10:37,A_SUBMITTED
10/1/2011 10:37,A_PARTLYSUBMITTED
10/1/2011 10:38,A_PREACCEPTED
10/1/2011 10:38,W_Completeren aanvraag
10/1/2011 10:38,W_Completeren aanvraag
10/1/2011 10:42,A_ACCEPTED
10/1/2011 10:44,A_FINALIZED
10/1/2011 10:44,O_SELECTED
10/1/2011 10:44,O_CREATED
10/1/2011 10:44,O_SENT
10/1/2011 10:44,W_Nabellen offertes
10/1/2011 10:44,W_Completeren aanvraag
10/1/2011 10:44,W_Nabellen offertes
10/1/2011 10:44,W_Nabellen offertes
10/1/2011 10:45,W_Nabellen offertes
10/1/2011 10:46,O_SELECTED
10/1/2011 10:46,O_CANCELLED
10/1/2011 10:46,O_CREATED
10/1/2011 10:46,O_SENT
10/1/2011 10:46,W_Nabellen offertes
10/1/2011 10:46,W_Nabellen offertes
10/1/2011 10:47,W_Nabellen offertes
10/1/2011 10:50,W_Nabellen offertes
10/1/2011 10:50,W_Nabellen offertes
10/1/2011 10:50,W_Nabellen offertes
10/1/2011 11:07,A_SUBMITTED
10/1/2011 11:07,A_PARTLYSUBMITTED
10/1/2011 11:08,A_PREACCEPTED
10/1/2011 11:08,W_Completeren aanvraag
10/1/2011 11:09,W_Completeren aanvraag
10/1/2011 11:18,A_ACCEPTED
10/1/2011 11:20,O_SELECTED
10/1/2011 11:20,A_FINALIZED
10/1/2011 11:20,O_CREATED
10/1/2011 11:20,O_SENT
10/1/2011 11:20,W_Nabellen offertes
10/1/2011 11:20,W_Completeren aanvraag
10/1/2011 11:21,W_Nabellen offertes
10/1/2011 11:22,W_Nabellen offertes
10/1/2011 11:26,W_Nabellen offertes
10/1/2011 11:31,W_Completeren aanvraag
10/1/2011 11:32,W_Nabellen offertes
10/1/2011 11:35,W_Completeren aanvraag
10/1/2011 11:36,W_Completeren aanvraag
10/1/2011 11:37,W_Completeren aanvraag
10/1/2011 11:37,W_Completeren aanvraag
10/1/2011 11:40,W_Completeren aanvraag
10/1/2011 11:40,W_Completeren aanvraag
10/1/2011 11:42,A_ACCEPTED
10/1/2011 11:43,W_Completeren aanvraag
10/1/2011 11:43,W_Completeren aanvraag
10/1/2011 11:44,W_Completeren aanvraag
10/1/2011 11:45,O_SELECTED
10/1/2011 11:45,A_FINALIZED
10/1/2011 11:45,O_CREATED
10/1/2011 11:45,O_SENT
10/1/2011 11:45,W_Nabellen offertes
10/1/2011 11:45,W_Completeren aanvraag
10/1/2011 11:46,W_Completeren aanvraag
10/1/2011 11:49,W_Completeren aanvraag
10/1/2011 11:50,W_Completeren aanvraag
10/1/2011 11:50,W_Completeren aanvraag
10/1/2011 11:52,A_SUBMITTED
10/1/2011 11:52,A_PARTLYSUBMITTED
10/1/2011 11:53,W_Afhandelen leads
10/1/2011 11:53,W_Completeren aanvraag
10/1/2011 12:04,W_Afhandelen leads
10/1/2011 12:08,A_SUBMITTED
10/1/2011 12:08,A_PARTLYSUBMITTED
10/1/2011 12:09,A_DECLINED
10/1/2011 12:12,W_Afhandelen leads
10/1/2011 12:15,W_Nabellen offertes
10/1/2011 12:17,W_Nabellen offertes
10/1/2011 12:18,W_Completeren aanvraag
10/1/2011 12:19,W_Afhandelen leads
10/1/2011 12:20,A_PREACCEPTED
10/1/2011 12:20,W_Completeren aanvraag
10/1/2011 12:20,W_Afhandelen leads
10/1/2011 12:24,A_ACCEPTED
10/1/2011 12:30,O_SELECTED
10/1/2011 12:30,A_FINALIZED
10/1/2011 12:30,O_CREATED
10/1/2011 12:30,O_SENT
10/1/2011 12:30,W_Nabellen offertes
10/1/2011 12:30,W_Completeren aanvraag
10/1/2011 12:36,A_SUBMITTED
10/1/2011 12:36,A_PARTLYSUBMITTED
10/1/2011 12:36,A_PREACCEPTED
10/1/2011 12:36,W_Completeren aanvraag
10/1/2011 12:39,A_SUBMITTED
10/1/2011 12:39,A_PARTLYSUBMITTED
10/1/2011 12:40,W_Afhandelen leads
10/1/2011 12:40,W_Completeren aanvraag
10/1/2011 12:59,W_Completeren aanvraag
10/1/2011 13:01,A_SUBMITTED
10/1/2011 13:01,A_PARTLYSUBMITTED
10/1/2011 13:02,A_CANCELLED
10/1/2011 13:02,W_Completeren aanvraag
10/1/2011 13:02,A_PREACCEPTED
10/1/2011 13:02,W_Completeren aanvraag
10/1/2011 13:03,W_Completeren aanvraag
10/1/2011 13:12,A_SUBMITTED
10/1/2011 13:12,A_PARTLYSUBMITTED
10/1/2011 13:13,A_PREACCEPTED
10/1/2011 13:13,W_Completeren aanvraag
10/1/2011 13:24,W_Completeren aanvraag
10/1/2011 13:27,W_Completeren aanvraag
10/1/2011 13:44,A_SUBMITTED
10/1/2011 13:44,A_PARTLYSUBMITTED
10/1/2011 13:44,W_Afhandelen leads
10/1/2011 13:52,W_Completeren aanvraag
10/1/2011 13:55,W_Completeren aanvraag
10/1/2011 14:01,W_Completeren aanvraag
10/1/2011 14:02,W_Completeren aanvraag
10/1/2011 14:08,A_SUBMITTED
10/1/2011 14:08,A_PARTLYSUBMITTED
10/1/2011 14:08,W_Afhandelen leads
10/1/2011 14:09,A_SUBMITTED
10/1/2011 14:09,A_PARTLYSUBMITTED
10/1/2011 14:10,W_Afhandelen leads
10/1/2011 14:14,A_SUBMITTED
10/1/2011 14:14,A_PARTLYSUBMITTED
10/1/2011 14:15,A_PREACCEPTED
10/1/2011 14:15,W_Completeren aanvraag
10/1/2011 14:27,W_Completeren aanvraag
10/1/2011 14:33,A_ACCEPTED
10/1/2011 14:35,A_FINALIZED
10/1/2011 14:35,O_SELECTED
10/1/2011 14:35,O_CREATED
10/1/2011 14:35,O_SENT
10/1/2011 14:35,W_Nabellen offertes
10/1/2011 14:35,W_Completeren aanvraag
10/1/2011 14:36,W_Nabellen offertes
10/1/2011 14:36,W_Nabellen offertes
10/1/2011 14:50,A_SUBMITTED
10/1/2011 14:50,A_PARTLYSUBMITTED
10/1/2011 14:50,W_Completeren aanvraag
10/1/2011 14:50,A_PREACCEPTED
10/1/2011 14:50,W_Completeren aanvraag
10/1/2011 14:54,W_Afhandelen leads
10/1/2011 14:54,A_DECLINED
10/1/2011 14:54,W_Afhandelen leads
10/1/2011 14:54,W_Afhandelen leads
10/1/2011 14:56,A_PREACCEPTED
10/1/2011 14:56,W_Completeren aanvraag
10/1/2011 14:56,W_Afhandelen leads
10/1/2011 14:59,A_DECLINED
10/1/2011 15:00,W_Completeren aanvraag
10/1/2011 15:02,A_SUBMITTED
10/1/2011 15:02,A_PARTLYSUBMITTED
10/1/2011 15:03,A_DECLINED
10/1/2011 15:12,W_Completeren aanvraag
10/1/2011 15:14,W_Completeren aanvraag
10/1/2011 15:15,W_Completeren aanvraag
10/1/2011 15:15,W_Completeren aanvraag
10/1/2011 15:15,A_SUBMITTED
10/1/2011 15:15,A_PARTLYSUBMITTED
10/1/2011 15:15,W_Completeren aanvraag
10/1/2011 15:15,A_PREACCEPTED
10/1/2011 15:15,W_Completeren aanvraag
10/1/2011 15:19,W_Afhandelen leads
10/1/2011 15:21,A_PREACCEPTED
10/1/2011 15:21,W_Completeren aanvraag
10/1/2011 15:21,W_Afhandelen leads
10/1/2011 15:21,W_Afhandelen leads
10/1/2011 15:24,A_PREACCEPTED
10/1/2011 15:24,W_Completeren aanvraag
10/1/2011 15:24,W_Afhandelen leads
10/1/2011 15:25,W_Completeren aanvraag
10/1/2011 15:26,W_Completeren aanvraag
10/1/2011 15:27,W_Completeren aanvraag
10/1/2011 15:27,W_Completeren aanvraag
10/1/2011 15:31,W_Completeren aanvraag
10/1/2011 15:31,W_Completeren aanvraag
10/1/2011 15:34,W_Completeren aanvraag
10/1/2011 15:34,W_Completeren aanvraag
10/1/2011 15:36,A_ACCEPTED
10/1/2011 15:39,W_Completeren aanvraag
10/1/2011 15:40,O_SELECTED
10/1/2011 15:40,A_FINALIZED
10/1/2011 15:40,O_CREATED
10/1/2011 15:40,W_Completeren aanvraag
10/1/2011 15:40,O_SENT
10/1/2011 15:40,W_Nabellen offertes
10/1/2011 15:40,W_Completeren aanvraag
10/1/2011 15:42,W_Completeren aanvraag
10/1/2011 15:43,W_Nabellen offertes
10/1/2011 15:43,W_Completeren aanvraag
10/1/2011 15:44,W_Completeren aanvraag
10/1/2011 15:44,W_Completeren aanvraag
10/1/2011 15:48,W_Nabellen offertes
10/1/2011 15:49,W_Completeren aanvraag
10/1/2011 15:49,W_Completeren aanvraag
10/1/2011 15:49,W_Completeren aanvraag
10/1/2011 15:50,W_Completeren aanvraag
10/1/2011 15:54,A_ACCEPTED
10/1/2011 15:55,A_ACCEPTED
10/1/2011 15:55,W_Completeren aanvraag
10/1/2011 15:56,W_Completeren aanvraag
10/1/2011 15:56,A_ACCEPTED
10/1/2011 15:56,O_SELECTED
10/1/2011 15:56,A_FINALIZED
10/1/2011 15:56,O_CREATED
10/1/2011 15:56,O_SENT
10/1/2011 15:56,W_Nabellen offertes
10/1/2011 15:56,W_Completeren aanvraag
10/1/2011 15:56,W_Completeren aanvraag
10/1/2011 15:57,W_Completeren aanvraag
10/1/2011 15:57,W_Completeren aanvraag
10/1/2011 15:57,W_Completeren aanvraag
10/1/2011 15:57,W_Completeren aanvraag
10/1/2011 15:58,O_SELECTED
10/1/2011 15:58,A_FINALIZED
10/1/2011 15:58,O_CREATED
10/1/2011 15:58,O_SENT
10/1/2011 15:58,W_Nabellen offertes
10/1/2011 15:58,W_Completeren aanvraag
10/1/2011 16:00,W_Completeren aanvraag
10/1/2011 16:00,W_Completeren aanvraag
10/1/2011 16:00,A_ACCEPTED
10/1/2011 16:00,W_Nabellen offertes
10/1/2011 16:00,W_Nabellen offertes
10/1/2011 16:00,W_Completeren aanvraag
10/1/2011 16:01,A_FINALIZED
10/1/2011 16:01,O_SELECTED
10/1/2011 16:01,O_CREATED
10/1/2011 16:01,O_SENT
10/1/2011 16:01,W_Nabellen offertes
10/1/2011 16:01,W_Completeren aanvraag
10/1/2011 16:01,W_Completeren aanvraag
10/1/2011 16:05,A_FINALIZED
10/1/2011 16:05,O_SELECTED
10/1/2011 16:05,O_CREATED
10/1/2011 16:05,O_SENT
10/1/2011 16:05,W_Nabellen offertes
10/1/2011 16:05,W_Completeren aanvraag
10/1/2011 16:09,A_SUBMITTED
10/1/2011 16:09,A_PARTLYSUBMITTED
10/1/2011 16:09,W_Completeren aanvraag
10/1/2011 16:09,W_Afhandelen leads
10/1/2011 16:12,A_SUBMITTED
10/1/2011 16:12,A_PARTLYSUBMITTED
10/1/2011 16:12,A_PREACCEPTED
10/1/2011 16:12,W_Completeren aanvraag
10/1/2011 16:21,W_Completeren aanvraag
10/1/2011 16:27,W_Completeren aanvraag
10/1/2011 16:33,A_ACCEPTED
10/1/2011 16:34,A_SUBMITTED
10/1/2011 16:34,A_PARTLYSUBMITTED
10/1/2011 16:35,A_DECLINED
10/1/2011 16:36,W_Afhandelen leads
10/1/2011 16:36,A_FINALIZED
10/1/2011 16:36,O_SELECTED
10/1/2011 16:37,O_CREATED
10/1/2011 16:37,O_SENT
10/1/2011 16:37,W_Nabellen offertes
10/1/2011 16:37,W_Completeren aanvraag
10/1/2011 16:37,W_Nabellen offertes
10/1/2011 16:38,A_DECLINED
10/1/2011 16:38,W_Afhandelen leads
10/1/2011 16:39,W_Completeren aanvraag
10/1/2011 16:39,W_Nabellen offertes
10/1/2011 16:39,A_SUBMITTED
10/1/2011 16:39,A_PARTLYSUBMITTED
10/1/2011 16:40,A_DECLINED
10/1/2011 16:41,W_Nabellen offertes
10/1/2011 16:42,O_CANCELLED
10/1/2011 16:42,O_SELECTED
10/1/2011 16:42,O_CREATED
10/1/2011 16:42,O_SENT
10/1/2011 16:42,W_Nabellen offertes
10/1/2011 16:42,W_Nabellen offertes
10/1/2011 16:42,W_Nabellen offertes
10/1/2011 16:43,A_ACCEPTED
10/1/2011 16:45,W_Completeren aanvraag
10/1/2011 16:46,W_Completeren aanvraag
10/1/2011 16:48,W_Completeren aanvraag
10/1/2011 16:48,W_Nabellen offertes
10/1/2011 16:49,A_FINALIZED
10/1/2011 16:49,O_SELECTED
10/1/2011 16:50,O_CREATED
10/1/2011 16:50,O_SENT
10/1/2011 16:50,W_Nabellen offertes
10/1/2011 16:50,W_Completeren aanvraag
10/1/2011 16:59,A_SUBMITTED
10/1/2011 16:59,A_PARTLYSUBMITTED
10/1/2011 16:59,A_PREACCEPTED
10/1/2011 16:59,W_Completeren aanvraag
10/1/2011 17:49,A_SUBMITTED
10/1/2011 17:49,A_PARTLYSUBMITTED
10/1/2011 17:50,W_Afhandelen leads
10/1/2011 18:10,A_SUBMITTED
10/1/2011 18:10,A_PARTLYSUBMITTED
10/1/2011 18:11,A_PREACCEPTED
10/1/2011 18:11,W_Completeren aanvraag
10/1/2011 19:05,A_SUBMITTED
10/1/2011 19:05,A_PARTLYSUBMITTED
10/1/2011 19:06,A_SUBMITTED
10/1/2011 19:06,A_PARTLYSUBMITTED
10/1/2011 19:06,A_PREACCEPTED
10/1/2011 19:06,W_Completeren aanvraag
10/1/2011 19:06,A_PREACCEPTED
10/1/2011 19:06,W_Completeren aanvraag
10/1/2011 19:14,A_SUBMITTED
10/1/2011 19:14,A_PARTLYSUBMITTED
10/1/2011 19:14,A_PREACCEPTED
10/1/2011 19:14,W_Completeren aanvraag
10/1/2011 19:32,A_SUBMITTED
10/1/2011 19:32,A_PARTLYSUBMITTED
10/1/2011 19:33,A_PREACCEPTED
10/1/2011 19:33,W_Completeren aanvraag
10/1/2011 20:19,A_SUBMITTED
10/1/2011 20:19,A_PARTLYSUBMITTED
10/1/2011 20:19,A_PREACCEPTED
10/1/2011 20:19,W_Completeren aanvraag
10/1/2011 20:27,A_SUBMITTED
10/1/2011 20:27,A_PARTLYSUBMITTED
10/1/2011 20:28,A_PREACCEPTED
10/1/2011 20:28,W_Completeren aanvraag
10/1/2011 20:35,A_SUBMITTED
10/1/2011 20:35,A_PARTLYSUBMITTED
10/1/2011 20:36,W_Afhandelen leads
10/1/2011 21:07,A_SUBMITTED
10/1/2011 21:07,A_PARTLYSUBMITTED
10/1/2011 21:08,A_PREACCEPTED
10/1/2011 21:08,W_Completeren aanvraag
10/1/2011 21:24,A_SUBMITTED
10/1/2011 21:24,A_PARTLYSUBMITTED
10/1/2011 21:25,A_DECLINED
10/1/2011 22:59,A_SUBMITTED
10/1/2011 22:59,A_PARTLYSUBMITTED
10/1/2011 23:00,W_Afhandelen leads
10/1/2011 23:01,A_SUBMITTED
10/1/2011 23:01,A_PARTLYSUBMITTED
10/1/2011 23:01,W_Afhandelen leads
10/2/2011 0:57,A_SUBMITTED
10/2/2011 0:57,A_PARTLYSUBMITTED
10/2/2011 0:58,A_PREACCEPTED
10/2/2011 0:58,W_Completeren aanvraag
10/2/2011 1:39,A_SUBMITTED
10/2/2011 1:39,A_PARTLYSUBMITTED
10/2/2011 1:39,A_DECLINED
10/2/2011 9:23,A_SUBMITTED
10/2/2011 9:23,A_PARTLYSUBMITTED
10/2/2011 9:24,A_PREACCEPTED
10/2/2011 9:24,W_Completeren aanvraag
10/2/2011 9:39,A_SUBMITTED
10/2/2011 9:39,A_PARTLYSUBMITTED
10/2/2011 9:39,W_Afhandelen leads
10/2/2011 9:54,A_SUBMITTED
10/2/2011 9:54,A_PARTLYSUBMITTED
10/2/2011 9:54,A_SUBMITTED
10/2/2011 9:54,A_PARTLYSUBMITTED
10/2/2011 9:55,A_DECLINED
10/2/2011 9:55,W_Afhandelen leads
10/2/2011 10:20,A_SUBMITTED
10/2/2011 10:20,A_PARTLYSUBMITTED
10/2/2011 10:21,A_PREACCEPTED
10/2/2011 10:21,W_Completeren aanvraag
10/2/2011 10:52,A_SUBMITTED
10/2/2011 10:52,A_PARTLYSUBMITTED
10/2/2011 10:53,A_DECLINED
10/2/2011 10:57,A_SUBMITTED
10/2/2011 10:57,A_PARTLYSUBMITTED
10/2/2011 10:57,A_PREACCEPTED
10/2/2011 10:57,W_Completeren aanvraag
10/2/2011 11:03,A_SUBMITTED
10/2/2011 11:03,A_PARTLYSUBMITTED
10/2/2011 11:04,A_PREACCEPTED
10/2/2011 11:04,W_Completeren aanvraag
10/2/2011 11:26,A_SUBMITTED
10/2/2011 11:26,A_PARTLYSUBMITTED
10/2/2011 11:27,A_PREACCEPTED
10/2/2011 11:27,W_Completeren aanvraag
10/2/2011 11:30,A_SUBMITTED
10/2/2011 11:30,A_PARTLYSUBMITTED
10/2/2011 11:31,A_DECLINED
10/2/2011 11:33,A_SUBMITTED
10/2/2011 11:33,A_PARTLYSUBMITTED
10/2/2011 11:33,A_DECLINED
10/2/2011 11:45,A_SUBMITTED
10/2/2011 11:45,A_PARTLYSUBMITTED
10/2/2011 11:45,W_Afhandelen leads
10/2/2011 11:47,A_SUBMITTED
10/2/2011 11:47,A_PARTLYSUBMITTED
10/2/2011 11:47,W_Afhandelen leads
10/2/2011 12:04,A_SUBMITTED
10/2/2011 12:04,A_PARTLYSUBMITTED
10/2/2011 12:05,W_Afhandelen leads
10/2/2011 12:17,A_SUBMITTED
10/2/2011 12:17,A_PARTLYSUBMITTED
10/2/2011 12:17,A_DECLINED
10/2/2011 12:24,A_SUBMITTED
10/2/2011 12:24,A_PARTLYSUBMITTED
10/2/2011 12:25,A_PREACCEPTED
10/2/2011 12:25,W_Completeren aanvraag
10/2/2011 13:05,A_SUBMITTED
10/2/2011 13:05,A_PARTLYSUBMITTED
10/2/2011 13:06,A_PREACCEPTED
10/2/2011 13:06,W_Completeren aanvraag
10/2/2011 13:10,A_SUBMITTED
10/2/2011 13:10,A_PARTLYSUBMITTED
10/2/2011 13:10,A_DECLINED
10/2/2011 13:21,A_SUBMITTED
10/2/2011 13:21,A_PARTLYSUBMITTED
10/2/2011 13:22,A_DECLINED
10/2/2011 13:24,A_SUBMITTED
10/2/2011 13:24,A_PARTLYSUBMITTED
10/2/2011 13:24,W_Afhandelen leads
10/2/2011 13:46,A_SUBMITTED
10/2/2011 13:46,A_PARTLYSUBMITTED
10/2/2011 13:46,A_DECLINED
10/2/2011 13:52,A_SUBMITTED
10/2/2011 13:52,A_PARTLYSUBMITTED
10/2/2011 13:53,A_DECLINED
10/2/2011 14:42,A_SUBMITTED
10/2/2011 14:42,A_PARTLYSUBMITTED
10/2/2011 14:42,W_Afhandelen leads
10/2/2011 14:53,A_SUBMITTED
10/2/2011 14:53,A_PARTLYSUBMITTED
10/2/2011 14:54,A_DECLINED
10/2/2011 16:03,A_SUBMITTED
10/2/2011 16:03,A_PARTLYSUBMITTED
10/2/2011 16:03,A_DECLINED
10/2/2011 16:05,A_SUBMITTED
10/2/2011 16:05,A_PARTLYSUBMITTED
10/2/2011 16:05,W_Afhandelen leads
10/2/2011 16:12,A_SUBMITTED
10/2/2011 16:12,A_PARTLYSUBMITTED
10/2/2011 16:12,W_Afhandelen leads
10/2/2011 16:52,A_SUBMITTED
10/2/2011 16:52,A_PARTLYSUBMITTED
10/2/2011 16:52,W_Afhandelen leads
10/2/2011 16:53,A_SUBMITTED
10/2/2011 16:53,A_PARTLYSUBMITTED
10/2/2011 16:54,A_DECLINED
10/2/2011 17:17,A_SUBMITTED
10/2/2011 17:17,A_PARTLYSUBMITTED
10/2/2011 17:18,A_SUBMITTED
10/2/2011 17:18,A_PARTLYSUBMITTED
10/2/2011 17:18,A_DECLINED
10/2/2011 17:18,A_PREACCEPTED
10/2/2011 17:18,W_Completeren aanvraag
10/2/2011 17:45,A_SUBMITTED
10/2/2011 17:45,A_PARTLYSUBMITTED
10/2/2011 17:46,W_Beoordelen fraude
10/2/2011 17:55,A_SUBMITTED
10/2/2011 17:55,A_PARTLYSUBMITTED
10/2/2011 17:55,W_Afhandelen leads
10/2/2011 17:56,A_SUBMITTED
10/2/2011 17:56,A_PARTLYSUBMITTED
10/2/2011 17:57,A_DECLINED
10/2/2011 18:00,A_SUBMITTED
10/2/2011 18:00,A_PARTLYSUBMITTED
10/2/2011 18:00,W_Afhandelen leads
10/2/2011 18:30,A_SUBMITTED
10/2/2011 18:30,A_PARTLYSUBMITTED
10/2/2011 18:30,A_PREACCEPTED
10/2/2011 18:30,W_Completeren aanvraag
10/2/2011 19:27,A_SUBMITTED
10/2/2011 19:27,A_PARTLYSUBMITTED
10/2/2011 19:28,A_DECLINED
10/2/2011 20:05,A_SUBMITTED
10/2/2011 20:05,A_PARTLYSUBMITTED
10/2/2011 20:05,W_Afhandelen leads
10/2/2011 21:07,A_SUBMITTED
10/2/2011 21:07,A_PARTLYSUBMITTED
10/2/2011 21:08,A_SUBMITTED
10/2/2011 21:08,A_PARTLYSUBMITTED
10/2/2011 21:08,A_PREACCEPTED
10/2/2011 21:08,W_Completeren aanvraag
10/2/2011 21:08,A_PREACCEPTED
10/2/2011 21:08,W_Completeren aanvraag
10/2/2011 22:11,A_SUBMITTED
10/2/2011 22:11,A_PARTLYSUBMITTED
10/2/2011 22:12,W_Afhandelen leads
10/2/2011 22:51,A_SUBMITTED
10/2/2011 22:51,A_PARTLYSUBMITTED
10/2/2011 22:51,A_PREACCEPTED
10/2/2011 22:51,W_Completeren aanvraag
10/2/2011 23:12,A_SUBMITTED
10/2/2011 23:12,A_PARTLYSUBMITTED
10/2/2011 23:12,W_Afhandelen leads
10/2/2011 23:13,A_SUBMITTED
10/2/2011 23:13,A_PARTLYSUBMITTED
10/2/2011 23:14,A_DECLINED
10/2/2011 23:15,A_SUBMITTED
10/2/2011 23:15,A_PARTLYSUBMITTED
10/2/2011 23:16,A_PREACCEPTED
10/2/2011 23:16,W_Completeren aanvraag
10/2/2011 23:18,A_SUBMITTED
10/2/2011 23:18,A_PARTLYSUBMITTED
10/2/2011 23:19,A_PREACCEPTED
10/2/2011 23:19,W_Completeren aanvraag
10/2/2011 23:19,A_SUBMITTED
10/2/2011 23:19,A_PARTLYSUBMITTED
10/2/2011 23:20,W_Afhandelen leads
10/2/2011 23:43,A_SUBMITTED
10/2/2011 23:43,A_PARTLYSUBMITTED
10/2/2011 23:44,W_Afhandelen leads
10/3/2011 8:09,A_SUBMITTED
10/3/2011 8:10,A_PARTLYSUBMITTED
10/3/2011 8:10,A_PREACCEPTED
10/3/2011 8:10,W_Completeren aanvraag
10/3/2011 8:59,W_Afhandelen leads
10/3/2011 9:04,A_DECLINED
10/3/2011 9:04,W_Afhandelen leads
10/3/2011 9:05,W_Afhandelen leads
10/3/2011 9:06,W_Completeren aanvraag
10/3/2011 9:07,A_DECLINED
10/3/2011 9:07,W_Afhandelen leads
10/3/2011 9:07,W_Afhandelen leads
10/3/2011 9:09,A_PREACCEPTED
10/3/2011 9:09,W_Completeren aanvraag
10/3/2011 9:09,W_Afhandelen leads
10/3/2011 9:09,W_Afhandelen leads
10/3/2011 9:10,A_PREACCEPTED
10/3/2011 9:10,W_Completeren aanvraag
10/3/2011 9:10,W_Afhandelen leads
10/3/2011 9:11,W_Afhandelen leads
10/3/2011 9:14,W_Completeren aanvraag
10/3/2011 9:16,W_Completeren aanvraag
10/3/2011 9:17,W_Afhandelen leads
10/3/2011 9:18,W_Afhandelen leads
10/3/2011 9:18,W_Afhandelen leads
10/3/2011 9:19,W_Afhandelen leads
10/3/2011 9:19,A_PREACCEPTED
10/3/2011 9:19,W_Completeren aanvraag
10/3/2011 9:19,W_Afhandelen leads
10/3/2011 9:19,W_Completeren aanvraag
10/3/2011 9:20,W_Completeren aanvraag
10/3/2011 9:20,W_Completeren aanvraag
10/3/2011 9:20,W_Completeren aanvraag
10/3/2011 9:21,A_PREACCEPTED
10/3/2011 9:21,W_Completeren aanvraag
10/3/2011 9:21,W_Afhandelen leads
10/3/2011 9:22,A_DECLINED
10/3/2011 9:23,W_Afhandelen leads
10/3/2011 9:23,W_Afhandelen leads
10/3/2011 9:23,W_Afhandelen leads
10/3/2011 9:23,A_PREACCEPTED
10/3/2011 9:23,W_Completeren aanvraag
10/3/2011 9:23,W_Afhandelen leads
10/3/2011 9:23,W_Afhandelen leads
10/3/2011 9:23,W_Afhandelen leads
10/3/2011 9:24,W_Afhandelen leads
10/3/2011 9:24,W_Afhandelen leads
10/3/2011 9:24,A_DECLINED
10/3/2011 9:25,A_ACCEPTED
10/3/2011 9:25,W_Completeren aanvraag
10/3/2011 9:26,O_SELECTED
10/3/2011 9:26,A_FINALIZED
10/3/2011 9:26,O_CREATED
10/3/2011 9:26,O_SENT
10/3/2011 9:26,W_Nabellen offertes
10/3/2011 9:26,W_Completeren aanvraag
10/3/2011 9:26,A_DECLINED
10/3/2011 9:26,W_Afhandelen leads
10/3/2011 9:26,W_Afhandelen leads
10/3/2011 9:26,W_Nabellen offertes
10/3/2011 9:27,W_Completeren aanvraag
10/3/2011 9:27,A_ACCEPTED
10/3/2011 9:28,A_PREACCEPTED
10/3/2011 9:28,W_Completeren aanvraag
10/3/2011 9:28,W_Afhandelen leads
10/3/2011 9:28,A_PREACCEPTED
10/3/2011 9:28,W_Completeren aanvraag
10/3/2011 9:28,W_Afhandelen leads
10/3/2011 9:28,W_Afhandelen leads
10/3/2011 9:29,A_DECLINED
10/3/2011 9:29,W_Afhandelen leads
10/3/2011 9:29,W_Afhandelen leads
10/3/2011 9:29,W_Afhandelen leads
10/3/2011 9:29,W_Completeren aanvraag
10/3/2011 9:29,W_Completeren aanvraag
10/3/2011 9:30,A_DECLINED
10/3/2011 9:30,W_Afhandelen leads
10/3/2011 9:30,W_Afhandelen leads
10/3/2011 9:30,A_PREACCEPTED
10/3/2011 9:30,W_Completeren aanvraag
10/3/2011 9:30,W_Afhandelen leads
10/3/2011 9:30,A_SUBMITTED
10/3/2011 9:30,W_Afhandelen leads
10/3/2011 9:30,A_PARTLYSUBMITTED
10/3/2011 9:31,O_SELECTED
10/3/2011 9:31,A_FINALIZED
10/3/2011 9:31,O_CREATED
10/3/2011 9:31,O_SENT
10/3/2011 9:31,W_Nabellen offertes
10/3/2011 9:31,W_Completeren aanvraag
10/3/2011 9:31,W_Nabellen offertes
10/3/2011 9:31,A_PREACCEPTED
10/3/2011 9:31,W_Completeren aanvraag
10/3/2011 9:31,A_PREACCEPTED
10/3/2011 9:31,W_Completeren aanvraag
10/3/2011 9:31,W_Afhandelen leads
10/3/2011 9:32,W_Nabellen offertes
10/3/2011 9:32,W_Nabellen offertes
10/3/2011 9:32,W_Completeren aanvraag
10/3/2011 9:32,W_Completeren aanvraag
10/3/2011 9:32,W_Nabellen offertes
10/3/2011 9:33,A_DECLINED
10/3/2011 9:33,W_Afhandelen leads
10/3/2011 9:33,W_Afhandelen leads
10/3/2011 9:34,W_Afhandelen leads
10/3/2011 9:34,A_SUBMITTED
10/3/2011 9:34,A_PARTLYSUBMITTED
10/3/2011 9:34,W_Afhandelen leads
10/3/2011 9:34,W_Afhandelen leads
10/3/2011 9:35,W_Afhandelen leads
10/3/2011 9:35,W_Afhandelen leads
10/3/2011 9:35,A_DECLINED
10/3/2011 9:35,W_Afhandelen leads
10/3/2011 9:35,W_Completeren aanvraag
10/3/2011 9:35,W_Completeren aanvraag
10/3/2011 9:36,A_DECLINED
10/3/2011 9:36,W_Afhandelen leads
10/3/2011 9:36,O_CANCELLED
10/3/2011 9:36,O_SELECTED
10/3/2011 9:36,O_CREATED
10/3/2011 9:36,O_SENT
10/3/2011 9:36,W_Nabellen offertes
10/3/2011 9:36,W_Nabellen offertes
10/3/2011 9:36,W_Afhandelen leads
10/3/2011 9:37,A_PREACCEPTED
10/3/2011 9:37,W_Completeren aanvraag
10/3/2011 9:37,W_Afhandelen leads
10/3/2011 9:37,W_Afhandelen leads
10/3/2011 9:37,W_Nabellen offertes
10/3/2011 9:37,A_PREACCEPTED
10/3/2011 9:37,W_Completeren aanvraag
10/3/2011 9:37,W_Afhandelen leads
10/3/2011 9:37,W_Completeren aanvraag
10/3/2011 9:38,W_Completeren aanvraag
10/3/2011 9:38,W_Completeren aanvraag
10/3/2011 9:38,A_DECLINED
10/3/2011 9:38,W_Completeren aanvraag
10/3/2011 9:39,W_Nabellen offertes
10/3/2011 9:42,W_Afhandelen leads
10/3/2011 9:42,W_Completeren aanvraag
10/3/2011 9:42,W_Afhandelen leads
10/3/2011 9:43,W_Completeren aanvraag
10/3/2011 9:44,A_ACCEPTED
10/3/2011 9:44,A_PREACCEPTED
10/3/2011 9:44,W_Completeren aanvraag
10/3/2011 9:44,W_Afhandelen leads
10/3/2011 9:45,W_Completeren aanvraag
10/3/2011 9:46,W_Completeren aanvraag
10/3/2011 9:46,A_PREACCEPTED
10/3/2011 9:46,W_Completeren aanvraag
10/3/2011 9:46,W_Afhandelen leads
10/3/2011 9:46,W_Completeren aanvraag
10/3/2011 9:50,A_ACCEPTED
10/3/2011 9:52,A_ACCEPTED
10/3/2011 9:52,O_SELECTED
10/3/2011 9:52,A_FINALIZED
10/3/2011 9:52,O_CREATED
10/3/2011 9:52,O_SENT
10/3/2011 9:52,W_Nabellen offertes
10/3/2011 9:52,W_Completeren aanvraag
10/3/2011 9:52,A_SUBMITTED
10/3/2011 9:52,A_PARTLYSUBMITTED
10/3/2011 9:52,W_Nabellen offertes
10/3/2011 9:53,W_Afhandelen leads
10/3/2011 9:53,O_SELECTED
10/3/2011 9:53,A_FINALIZED
10/3/2011 9:53,O_CREATED
10/3/2011 9:53,O_SENT
10/3/2011 9:53,W_Nabellen offertes
10/3/2011 9:53,O_CANCELLED
10/3/2011 9:53,O_SELECTED
10/3/2011 9:53,W_Completeren aanvraag
10/3/2011 9:53,O_CREATED
10/3/2011 9:53,O_SENT
10/3/2011 9:53,W_Nabellen offertes
10/3/2011 9:53,W_Nabellen offertes
10/3/2011 9:53,W_Nabellen offertes
10/3/2011 9:53,W_Afhandelen leads
10/3/2011 9:53,A_ACCEPTED
10/3/2011 9:53,W_Nabellen offertes
10/3/2011 9:54,W_Nabellen offertes
10/3/2011 9:54,W_Nabellen offertes
10/3/2011 9:54,W_Nabellen offertes
10/3/2011 9:54,A_FINALIZED
10/3/2011 9:54,O_SELECTED
10/3/2011 9:54,O_CREATED
10/3/2011 9:54,O_SENT
10/3/2011 9:54,W_Nabellen offertes
10/3/2011 9:54,W_Completeren aanvraag
10/3/2011 9:54,W_Completeren aanvraag
10/3/2011 9:55,A_PREACCEPTED
10/3/2011 9:55,W_Completeren aanvraag
10/3/2011 9:55,W_Afhandelen leads
10/3/2011 9:55,W_Completeren aanvraag
10/3/2011 9:57,W_Completeren aanvraag
10/3/2011 9:57,O_SELECTED
10/3/2011 9:57,A_FINALIZED
10/3/2011 9:57,O_CREATED
10/3/2011 9:57,O_SENT
10/3/2011 9:57,W_Nabellen offertes
10/3/2011 9:57,W_Completeren aanvraag
10/3/2011 9:57,W_Nabellen offertes
10/3/2011 9:59,W_Nabellen offertes
10/3/2011 10:00,W_Completeren aanvraag
10/3/2011 10:04,W_Nabellen offertes
10/3/2011 10:05,W_Completeren aanvraag
10/3/2011 10:06,W_Nabellen offertes
10/3/2011 10:06,W_Nabellen offertes
10/3/2011 10:07,A_SUBMITTED
10/3/2011 10:07,A_PARTLYSUBMITTED
10/3/2011 10:07,A_DECLINED
10/3/2011 10:09,W_Completeren aanvraag
10/3/2011 10:10,W_Completeren aanvraag
10/3/2011 10:10,W_Completeren aanvraag
10/3/2011 10:10,W_Completeren aanvraag
10/3/2011 10:11,W_Completeren aanvraag
10/3/2011 10:11,W_Completeren aanvraag
10/3/2011 10:17,W_Completeren aanvraag
10/3/2011 10:17,W_Completeren aanvraag
10/3/2011 10:18,A_ACCEPTED
10/3/2011 10:19,A_ACCEPTED
10/3/2011 10:21,A_FINALIZED
10/3/2011 10:21,O_SELECTED
10/3/2011 10:21,O_CREATED
10/3/2011 10:21,O_SENT
10/3/2011 10:21,W_Nabellen offertes
10/3/2011 10:21,W_Completeren aanvraag
10/3/2011 10:22,A_FINALIZED
10/3/2011 10:22,O_SELECTED
10/3/2011 10:22,O_CREATED
10/3/2011 10:22,O_SENT
10/3/2011 10:22,W_Nabellen offertes
10/3/2011 10:22,W_Completeren aanvraag
10/3/2011 10:22,W_Completeren aanvraag
10/3/2011 10:25,W_Completeren aanvraag
10/3/2011 10:25,W_Completeren aanvraag
10/3/2011 10:27,W_Completeren aanvraag
10/3/2011 10:28,W_Completeren aanvraag
10/3/2011 10:28,W_Completeren aanvraag
10/3/2011 10:29,A_ACCEPTED
10/3/2011 10:29,W_Completeren aanvraag
10/3/2011 10:29,W_Completeren aanvraag
10/3/2011 10:32,W_Completeren aanvraag
10/3/2011 10:33,A_ACCEPTED
10/3/2011 10:33,W_Completeren aanvraag
10/3/2011 10:33,W_Completeren aanvraag
10/3/2011 10:33,A_ACCEPTED
10/3/2011 10:33,W_Completeren aanvraag
10/3/2011 10:33,A_SUBMITTED
10/3/2011 10:33,A_PARTLYSUBMITTED
10/3/2011 10:33,O_SELECTED
10/3/2011 10:33,A_FINALIZED
10/3/2011 10:33,O_CREATED
10/3/2011 10:33,O_SENT
10/3/2011 10:33,W_Nabellen offertes
10/3/2011 10:33,W_Completeren aanvraag
10/3/2011 10:34,A_DECLINED
10/3/2011 10:35,O_SELECTED
10/3/2011 10:35,A_FINALIZED
10/3/2011 10:36,O_CREATED
10/3/2011 10:36,O_SENT
10/3/2011 10:36,W_Nabellen offertes
10/3/2011 10:36,W_Completeren aanvraag
10/3/2011 10:36,W_Nabellen offertes
10/3/2011 10:37,W_Nabellen offertes
10/3/2011 10:37,W_Completeren aanvraag
10/3/2011 10:38,A_DECLINED
10/3/2011 10:38,W_Completeren aanvraag
10/3/2011 10:43,A_FINALIZED
10/3/2011 10:43,O_SELECTED
10/3/2011 10:43,O_CREATED
10/3/2011 10:43,O_SENT
10/3/2011 10:43,W_Nabellen offertes
10/3/2011 10:43,W_Completeren aanvraag
10/3/2011 10:44,W_Nabellen offertes
10/3/2011 10:44,W_Completeren aanvraag
10/3/2011 10:45,W_Completeren aanvraag
10/3/2011 10:47,A_ACCEPTED
10/3/2011 10:49,W_Completeren aanvraag
10/3/2011 10:50,W_Completeren aanvraag
10/3/2011 10:52,W_Nabellen offertes
10/3/2011 10:53,A_FINALIZED
10/3/2011 10:53,O_SELECTED
10/3/2011 10:53,O_CREATED
10/3/2011 10:53,O_SENT
10/3/2011 10:53,W_Nabellen offertes
10/3/2011 10:53,W_Completeren aanvraag
10/3/2011 10:53,W_Nabellen offertes
10/3/2011 10:54,W_Nabellen offertes
10/3/2011 10:54,W_Completeren aanvraag
10/3/2011 10:54,W_Nabellen offertes
10/3/2011 10:55,W_Completeren aanvraag
10/3/2011 10:55,W_Nabellen offertes
10/3/2011 10:56,W_Completeren aanvraag
10/3/2011 10:58,W_Completeren aanvraag
10/3/2011 11:00,W_Beoordelen fraude
10/3/2011 11:00,W_Completeren aanvraag
10/3/2011 11:00,W_Beoordelen fraude
10/3/2011 11:01,W_Beoordelen fraude
10/3/2011 11:01,W_Beoordelen fraude
10/3/2011 11:01,W_Completeren aanvraag
10/3/2011 11:04,W_Completeren aanvraag
10/3/2011 11:04,W_Completeren aanvraag
10/3/2011 11:07,W_Completeren aanvraag
10/3/2011 11:07,A_ACCEPTED
10/3/2011 11:12,W_Completeren aanvraag
10/3/2011 11:15,A_DECLINED
10/3/2011 11:15,W_Completeren aanvraag
10/3/2011 11:15,A_FINALIZED
10/3/2011 11:15,O_SELECTED
10/3/2011 11:16,W_Completeren aanvraag
10/3/2011 11:16,O_CREATED
10/3/2011 11:16,O_SENT
10/3/2011 11:16,W_Nabellen offertes
10/3/2011 11:16,W_Completeren aanvraag
10/3/2011 11:17,W_Completeren aanvraag
10/3/2011 11:19,W_Beoordelen fraude
10/3/2011 11:19,A_DECLINED
10/3/2011 11:19,W_Beoordelen fraude
10/3/2011 11:21,W_Completeren aanvraag
10/3/2011 11:21,W_Completeren aanvraag
10/3/2011 11:26,W_Completeren aanvraag
10/3/2011 11:31,W_Completeren aanvraag
10/3/2011 11:31,A_ACCEPTED
10/3/2011 11:31,W_Completeren aanvraag
10/3/2011 11:33,A_CANCELLED
10/3/2011 11:33,W_Completeren aanvraag
10/3/2011 11:33,W_Completeren aanvraag
10/3/2011 11:35,A_FINALIZED
10/3/2011 11:35,O_SELECTED
10/3/2011 11:35,O_CREATED
10/3/2011 11:35,O_SENT
10/3/2011 11:35,W_Nabellen offertes
10/3/2011 11:35,W_Completeren aanvraag
10/3/2011 11:35,W_Completeren aanvraag
10/3/2011 11:35,W_Completeren aanvraag
10/3/2011 11:36,W_Completeren aanvraag
10/3/2011 11:45,A_ACCEPTED
10/3/2011 11:47,O_SELECTED
10/3/2011 11:47,A_FINALIZED
10/3/2011 11:47,O_CREATED
10/3/2011 11:47,O_SENT
10/3/2011 11:47,W_Nabellen offertes
10/3/2011 11:47,W_Completeren aanvraag
10/3/2011 11:48,W_Nabellen offertes
10/3/2011 11:49,W_Nabellen offertes
10/3/2011 12:06,W_Completeren aanvraag
10/3/2011 12:11,W_Completeren aanvraag
10/3/2011 12:21,W_Completeren aanvraag
10/3/2011 12:21,W_Completeren aanvraag
10/3/2011 12:23,A_DECLINED
10/3/2011 12:23,W_Completeren aanvraag
10/3/2011 12:24,W_Completeren aanvraag
10/3/2011 12:25,W_Completeren aanvraag
10/3/2011 12:26,W_Completeren aanvraag
10/3/2011 12:26,W_Completeren aanvraag
10/3/2011 12:28,W_Completeren aanvraag
10/3/2011 12:28,W_Completeren aanvraag
10/3/2011 12:32,A_ACCEPTED
10/3/2011 12:32,W_Completeren aanvraag
10/3/2011 12:32,W_Completeren aanvraag
10/3/2011 12:33,A_ACCEPTED
10/3/2011 12:36,O_SELECTED
10/3/2011 12:36,A_FINALIZED
10/3/2011 12:36,O_CREATED
10/3/2011 12:36,O_SENT
10/3/2011 12:36,W_Nabellen offertes
10/3/2011 12:36,W_Completeren aanvraag
10/3/2011 12:37,O_SELECTED
10/3/2011 12:37,A_FINALIZED
10/3/2011 12:37,O_CREATED
10/3/2011 12:37,O_SENT
10/3/2011 12:37,W_Nabellen offertes
10/3/2011 12:37,W_Completeren aanvraag
10/3/2011 12:37,W_Nabellen offertes
10/3/2011 12:38,W_Nabellen offertes
10/3/2011 12:54,W_Completeren aanvraag
10/3/2011 12:54,W_Completeren aanvraag
10/3/2011 12:55,W_Completeren aanvraag
10/3/2011 12:56,W_Completeren aanvraag
10/3/2011 12:56,W_Completeren aanvraag
10/3/2011 12:57,W_Completeren aanvraag
10/3/2011 13:07,W_Completeren aanvraag
10/3/2011 13:15,W_Completeren aanvraag
10/3/2011 13:15,W_Completeren aanvraag
10/3/2011 13:15,A_ACCEPTED
10/3/2011 13:19,A_FINALIZED
10/3/2011 13:19,O_SELECTED
10/3/2011 13:19,O_CREATED
10/3/2011 13:19,O_SENT
10/3/2011 13:19,W_Nabellen offertes
10/3/2011 13:19,W_Completeren aanvraag
10/3/2011 13:21,W_Completeren aanvraag
10/3/2011 13:32,W_Completeren aanvraag
10/3/2011 13:32,W_Completeren aanvraag
10/3/2011 13:34,A_ACCEPTED
10/3/2011 13:40,A_FINALIZED
10/3/2011 13:40,O_SELECTED
10/3/2011 13:40,O_CREATED
10/3/2011 13:40,O_SENT
10/3/2011 13:40,W_Nabellen offertes
10/3/2011 13:40,W_Completeren aanvraag
10/3/2011 13:40,W_Nabellen offertes
10/3/2011 13:44,O_SELECTED
10/3/2011 13:44,O_CANCELLED
10/3/2011 13:44,O_CREATED
10/3/2011 13:44,O_SENT
10/3/2011 13:44,W_Nabellen offertes
10/3/2011 13:44,W_Nabellen offertes
10/3/2011 13:46,W_Completeren aanvraag
10/3/2011 13:48,W_Completeren aanvraag
10/3/2011 13:50,W_Completeren aanvraag
10/3/2011 13:56,W_Completeren aanvraag
10/3/2011 13:58,A_ACCEPTED
10/3/2011 13:58,W_Completeren aanvraag
10/3/2011 13:58,W_Completeren aanvraag
10/3/2011 13:59,W_Completeren aanvraag
10/3/2011 14:00,A_FINALIZED
10/3/2011 14:00,O_SELECTED
10/3/2011 14:00,O_CREATED
10/3/2011 14:00,O_SENT
10/3/2011 14:00,W_Nabellen offertes
10/3/2011 14:00,W_Completeren aanvraag
10/3/2011 14:01,W_Nabellen offertes
10/3/2011 14:02,W_Nabellen offertes
10/3/2011 14:10,W_Completeren aanvraag
10/3/2011 14:11,W_Completeren aanvraag
10/3/2011 14:27,W_Completeren aanvraag
10/3/2011 14:35,W_Completeren aanvraag
10/3/2011 14:36,W_Completeren aanvraag
10/3/2011 14:37,W_Completeren aanvraag
10/3/2011 14:38,W_Completeren aanvraag
10/3/2011 14:39,A_DECLINED
10/3/2011 14:39,W_Completeren aanvraag
10/3/2011 14:39,W_Completeren aanvraag
10/3/2011 14:41,W_Completeren aanvraag
10/3/2011 14:42,A_CANCELLED
10/3/2011 14:42,W_Completeren aanvraag
10/3/2011 14:50,A_ACCEPTED
10/3/2011 14:53,O_SELECTED
10/3/2011 14:53,A_FINALIZED
10/3/2011 14:53,O_CREATED
10/3/2011 14:53,O_SENT
10/3/2011 14:53,W_Nabellen offertes
10/3/2011 14:53,W_Completeren aanvraag
10/3/2011 14:53,W_Nabellen offertes
10/3/2011 14:58,W_Nabellen offertes
10/3/2011 15:04,W_Completeren aanvraag
10/3/2011 15:15,W_Completeren aanvraag
10/3/2011 15:15,W_Completeren aanvraag
10/3/2011 15:16,W_Completeren aanvraag
10/3/2011 15:18,W_Completeren aanvraag
10/3/2011 15:23,A_ACCEPTED
10/3/2011 15:29,O_SELECTED
10/3/2011 15:29,A_FINALIZED
10/3/2011 15:29,O_CREATED
10/3/2011 15:29,O_SENT
10/3/2011 15:29,W_Nabellen offertes
10/3/2011 15:29,W_Completeren aanvraag
10/3/2011 15:29,W_Nabellen offertes
10/3/2011 15:30,O_CANCELLED
10/3/2011 15:30,O_SELECTED
10/3/2011 15:30,O_CREATED
10/3/2011 15:30,O_SENT
10/3/2011 15:30,W_Nabellen offertes
10/3/2011 15:30,W_Nabellen offertes
10/3/2011 15:30,W_Nabellen offertes
10/3/2011 15:31,W_Nabellen offertes
10/3/2011 15:37,W_Completeren aanvraag
10/3/2011 15:48,A_DECLINED
10/3/2011 15:48,W_Completeren aanvraag
10/3/2011 15:53,W_Completeren aanvraag
10/3/2011 15:55,W_Completeren aanvraag
10/3/2011 16:00,W_Completeren aanvraag
10/3/2011 16:04,W_Completeren aanvraag
10/3/2011 16:05,W_Completeren aanvraag
10/3/2011 16:05,W_Completeren aanvraag
10/3/2011 16:05,W_Completeren aanvraag
10/3/2011 16:07,W_Completeren aanvraag
10/3/2011 16:08,W_Completeren aanvraag
10/3/2011 16:16,W_Completeren aanvraag
10/3/2011 16:16,W_Completeren aanvraag
10/3/2011 16:35,W_Nabellen offertes
10/3/2011 16:44,A_DECLINED
10/3/2011 16:44,O_DECLINED
10/3/2011 16:44,W_Nabellen offertes
10/3/2011 16:45,W_Completeren aanvraag
10/3/2011 16:45,W_Completeren aanvraag
10/3/2011 16:50,A_ACCEPTED
10/3/2011 16:51,W_Completeren aanvraag
10/3/2011 16:51,A_FINALIZED
10/3/2011 16:51,O_SELECTED
10/3/2011 16:51,O_CREATED
10/3/2011 16:51,O_SENT
10/3/2011 16:51,W_Nabellen offertes
10/3/2011 16:51,W_Completeren aanvraag
10/3/2011 16:52,W_Completeren aanvraag
10/3/2011 16:54,W_Nabellen offertes
10/3/2011 16:56,O_SELECTED
10/3/2011 16:56,O_CANCELLED
10/3/2011 16:56,O_CREATED
10/3/2011 16:56,O_SENT
10/3/2011 16:56,W_Nabellen offertes
10/3/2011 16:56,W_Nabellen offertes
10/3/2011 16:56,W_Nabellen offertes
10/3/2011 16:57,W_Nabellen offertes
10/3/2011 18:28,W_Completeren aanvraag
10/3/2011 18:29,W_Completeren aanvraag
10/3/2011 18:29,W_Completeren aanvraag
10/3/2011 18:31,W_Completeren aanvraag
10/3/2011 18:44,W_Completeren aanvraag
10/3/2011 18:48,A_ACCEPTED
10/3/2011 18:51,O_SELECTED
10/3/2011 18:51,A_FINALIZED
10/3/2011 18:51,O_CREATED
10/3/2011 18:51,O_SENT
10/3/2011 18:51,W_Nabellen offertes
10/3/2011 18:51,W_Completeren aanvraag
10/3/2011 18:58,W_Completeren aanvraag
10/3/2011 18:59,W_Completeren aanvraag
10/3/2011 18:59,W_Completeren aanvraag
10/3/2011 19:00,W_Completeren aanvraag
10/3/2011 19:55,W_Completeren aanvraag
10/3/2011 19:58,W_Completeren aanvraag
10/3/2011 19:58,W_Completeren aanvraag
10/3/2011 20:02,W_Completeren aanvraag
10/3/2011 20:02,W_Completeren aanvraag
10/3/2011 20:03,A_ACCEPTED
10/3/2011 20:05,A_FINALIZED
10/3/2011 20:05,O_SELECTED
10/3/2011 20:06,O_CREATED
10/3/2011 20:06,O_SENT
10/3/2011 20:06,W_Nabellen offertes
10/3/2011 20:06,W_Completeren aanvraag
10/4/2011 9:11,W_Completeren aanvraag
10/4/2011 9:19,A_ACCEPTED
10/4/2011 9:20,O_SELECTED
10/4/2011 9:20,A_FINALIZED
10/4/2011 9:20,O_CREATED
10/4/2011 9:20,O_SENT
10/4/2011 9:20,W_Nabellen offertes
10/4/2011 9:20,W_Completeren aanvraag
10/4/2011 9:26,W_Completeren aanvraag
10/4/2011 9:28,W_Completeren aanvraag
10/4/2011 9:32,W_Completeren aanvraag
10/4/2011 9:34,W_Completeren aanvraag
10/4/2011 10:00,W_Completeren aanvraag
10/4/2011 10:01,W_Completeren aanvraag
10/4/2011 10:18,W_Completeren aanvraag
10/4/2011 11:13,W_Completeren aanvraag
10/4/2011 11:26,W_Completeren aanvraag
10/4/2011 11:27,W_Completeren aanvraag
10/4/2011 11:30,W_Completeren aanvraag
10/4/2011 11:35,W_Completeren aanvraag
10/4/2011 11:58,W_Completeren aanvraag
10/4/2011 12:00,W_Completeren aanvraag
10/4/2011 12:04,A_CANCELLED
10/4/2011 12:04,W_Completeren aanvraag
10/4/2011 12:09,W_Completeren aanvraag
10/4/2011 12:12,W_Completeren aanvraag
10/4/2011 12:21,A_ACCEPTED
10/4/2011 12:24,A_FINALIZED
10/4/2011 12:24,O_SELECTED
10/4/2011 12:25,O_CREATED
10/4/2011 12:25,O_SENT
10/4/2011 12:25,W_Nabellen offertes
10/4/2011 12:25,W_Completeren aanvraag
10/4/2011 12:30,W_Completeren aanvraag
10/4/2011 12:31,W_Completeren aanvraag
10/4/2011 12:56,W_Nabellen offertes
10/4/2011 12:59,O_SELECTED
10/4/2011 12:59,O_CANCELLED
10/4/2011 12:59,O_CREATED
10/4/2011 12:59,O_SENT
10/4/2011 12:59,W_Nabellen offertes
10/4/2011 12:59,W_Nabellen offertes
10/4/2011 13:01,W_Completeren aanvraag
10/4/2011 13:11,W_Completeren aanvraag
10/4/2011 13:19,W_Completeren aanvraag
10/4/2011 13:23,W_Completeren aanvraag
10/4/2011 13:25,W_Completeren aanvraag
10/4/2011 13:26,W_Completeren aanvraag
10/4/2011 13:39,W_Completeren aanvraag
10/4/2011 13:41,W_Completeren aanvraag
10/4/2011 13:57,W_Completeren aanvraag
10/4/2011 13:59,A_CANCELLED
10/4/2011 13:59,W_Completeren aanvraag
10/4/2011 14:03,W_Completeren aanvraag
10/4/2011 14:04,W_Completeren aanvraag
10/4/2011 14:44,W_Nabellen offertes
10/4/2011 14:47,W_Nabellen offertes
10/4/2011 17:12,W_Completeren aanvraag
10/4/2011 17:14,W_Completeren aanvraag
10/4/2011 17:15,W_Completeren aanvraag
10/4/2011 17:15,W_Completeren aanvraag
10/4/2011 17:15,W_Completeren aanvraag
10/4/2011 17:17,W_Completeren aanvraag
10/4/2011 17:19,W_Completeren aanvraag
10/4/2011 17:19,W_Completeren aanvraag
10/4/2011 17:26,W_Completeren aanvraag
10/4/2011 17:27,W_Completeren aanvraag
10/4/2011 17:29,W_Completeren aanvraag
10/4/2011 17:35,A_ACCEPTED
10/4/2011 17:37,O_SELECTED
10/4/2011 17:37,A_FINALIZED
10/4/2011 17:37,O_CREATED
10/4/2011 17:37,O_SENT
10/4/2011 17:37,W_Nabellen offertes
10/4/2011 17:37,W_Completeren aanvraag
10/4/2011 17:48,W_Completeren aanvraag
10/4/2011 17:49,W_Completeren aanvraag
10/4/2011 17:56,W_Completeren aanvraag
10/4/2011 17:57,W_Completeren aanvraag
10/4/2011 18:13,W_Completeren aanvraag
10/4/2011 18:15,W_Completeren aanvraag
10/4/2011 18:15,W_Completeren aanvraag
10/4/2011 18:15,W_Completeren aanvraag
10/4/2011 18:28,W_Completeren aanvraag
10/4/2011 18:30,A_DECLINED
10/4/2011 18:30,W_Completeren aanvraag
10/4/2011 19:37,W_Completeren aanvraag
10/4/2011 19:38,W_Completeren aanvraag
10/4/2011 19:38,W_Completeren aanvraag
10/4/2011 19:39,A_ACCEPTED
10/4/2011 19:40,A_FINALIZED
10/4/2011 19:40,O_SELECTED
10/4/2011 19:40,O_CREATED
10/4/2011 19:40,O_SENT
10/4/2011 19:40,W_Nabellen offertes
10/4/2011 19:40,W_Completeren aanvraag
10/4/2011 19:40,W_Nabellen offertes
10/4/2011 19:41,W_Nabellen offertes
10/4/2011 19:41,W_Nabellen offertes
10/4/2011 19:42,W_Nabellen offertes
10/5/2011 9:19,W_Completeren aanvraag
10/5/2011 9:20,W_Completeren aanvraag
10/5/2011 9:31,W_Completeren aanvraag
10/5/2011 9:32,W_Completeren aanvraag
10/5/2011 9:45,W_Completeren aanvraag
10/5/2011 9:46,W_Completeren aanvraag
10/5/2011 9:51,W_Completeren aanvraag
10/5/2011 9:52,W_Completeren aanvraag
10/5/2011 10:42,W_Completeren aanvraag
10/5/2011 10:42,W_Completeren aanvraag
10/5/2011 13:27,W_Completeren aanvraag
10/5/2011 13:28,W_Completeren aanvraag
10/5/2011 13:42,W_Completeren aanvraag
10/5/2011 13:44,W_Completeren aanvraag
10/5/2011 13:51,W_Completeren aanvraag
10/5/2011 13:52,W_Completeren aanvraag
10/5/2011 14:01,W_Completeren aanvraag
10/5/2011 14:05,W_Completeren aanvraag
10/5/2011 17:11,W_Nabellen offertes
10/5/2011 17:13,W_Nabellen offertes
10/5/2011 18:13,W_Completeren aanvraag
10/5/2011 18:14,W_Completeren aanvraag
10/5/2011 18:28,W_Completeren aanvraag
10/5/2011 18:30,W_Completeren aanvraag
10/5/2011 18:35,W_Completeren aanvraag
10/5/2011 18:39,W_Completeren aanvraag
10/5/2011 18:47,W_Completeren aanvraag
10/5/2011 18:50,W_Completeren aanvraag
10/5/2011 18:51,W_Completeren aanvraag
10/5/2011 18:53,W_Completeren aanvraag
10/6/2011 9:49,W_Nabellen offertes
10/6/2011 9:49,O_SENT_BACK
10/6/2011 9:49,W_Valideren aanvraag
10/6/2011 9:49,W_Nabellen offertes
10/6/2011 9:57,W_Completeren aanvraag
10/6/2011 9:58,W_Completeren aanvraag
10/6/2011 9:58,W_Completeren aanvraag
10/6/2011 9:59,W_Completeren aanvraag
10/6/2011 9:59,W_Completeren aanvraag
10/6/2011 10:00,W_Completeren aanvraag
10/6/2011 11:09,W_Nabellen offertes
10/6/2011 11:14,W_Nabellen offertes
10/6/2011 20:41,W_Completeren aanvraag
10/6/2011 20:44,W_Completeren aanvraag
10/6/2011 20:50,W_Completeren aanvraag
10/6/2011 20:52,A_CANCELLED
10/6/2011 20:52,W_Completeren aanvraag
10/6/2011 20:53,W_Completeren aanvraag
10/6/2011 20:54,W_Completeren aanvraag
10/7/2011 9:18,W_Completeren aanvraag
10/7/2011 9:18,W_Completeren aanvraag
10/7/2011 9:21,W_Completeren aanvraag
10/7/2011 9:21,W_Completeren aanvraag
10/7/2011 12:36,W_Nabellen offertes
10/7/2011 12:37,O_SENT_BACK
10/7/2011 12:37,W_Valideren aanvraag
10/7/2011 12:37,W_Nabellen offertes
10/7/2011 12:40,W_Nabellen offertes
10/7/2011 12:40,O_SENT_BACK
10/7/2011 12:40,W_Valideren aanvraag
10/7/2011 12:40,W_Nabellen offertes
10/7/2011 13:23,W_Nabellen offertes
10/7/2011 13:23,O_SENT_BACK
10/7/2011 13:23,W_Valideren aanvraag
10/7/2011 13:23,W_Nabellen offertes
10/7/2011 17:31,W_Valideren aanvraag
10/7/2011 17:31,W_Valideren aanvraag
10/7/2011 18:33,W_Completeren aanvraag
10/7/2011 18:34,W_Completeren aanvraag
10/7/2011 18:40,W_Completeren aanvraag
10/7/2011 18:41,W_Completeren aanvraag
10/7/2011 18:51,W_Completeren aanvraag
10/7/2011 18:52,W_Completeren aanvraag
10/8/2011 10:49,W_Completeren aanvraag
10/8/2011 10:51,W_Completeren aanvraag
10/8/2011 11:07,W_Completeren aanvraag
10/8/2011 11:12,W_Completeren aanvraag
10/8/2011 11:26,W_Completeren aanvraag
10/8/2011 11:27,W_Completeren aanvraag
10/8/2011 11:30,W_Completeren aanvraag
10/8/2011 11:31,W_Completeren aanvraag
10/8/2011 12:32,W_Nabellen offertes
10/8/2011 12:34,W_Nabellen offertes
10/8/2011 12:37,W_Nabellen offertes
10/8/2011 12:45,O_CANCELLED
10/8/2011 12:45,A_CANCELLED
10/8/2011 12:45,W_Nabellen offertes
10/8/2011 15:27,W_Nabellen offertes
10/8/2011 15:32,W_Nabellen offertes
10/8/2011 16:16,W_Nabellen offertes
10/8/2011 16:20,W_Nabellen offertes
10/8/2011 16:26,W_Nabellen offertes
10/8/2011 16:29,W_Nabellen offertes
10/8/2011 16:31,W_Nabellen offertes
10/8/2011 16:32,W_Nabellen offertes
10/8/2011 16:35,W_Nabellen offertes
10/8/2011 16:38,W_Nabellen offertes
10/10/2011 9:28,W_Completeren aanvraag
10/10/2011 9:31,W_Completeren aanvraag
10/10/2011 9:32,W_Valideren aanvraag
10/10/2011 10:06,W_Nabellen incomplete dossiers
10/10/2011 10:06,W_Valideren aanvraag
10/10/2011 10:13,W_Nabellen offertes
10/10/2011 10:14,O_SENT_BACK
10/10/2011 10:14,W_Valideren aanvraag
10/10/2011 10:14,W_Nabellen offertes
10/10/2011 10:17,W_Nabellen offertes
10/10/2011 10:17,W_Nabellen incomplete dossiers
10/10/2011 10:17,O_SENT_BACK
10/10/2011 10:17,W_Valideren aanvraag
10/10/2011 10:17,W_Nabellen offertes
10/10/2011 10:20,W_Nabellen incomplete dossiers
10/10/2011 10:40,W_Nabellen offertes
10/10/2011 10:41,O_SENT_BACK
10/10/2011 10:41,W_Valideren aanvraag
10/10/2011 10:41,W_Nabellen offertes
10/10/2011 10:54,W_Nabellen offertes
10/10/2011 10:55,O_SENT_BACK
10/10/2011 10:55,W_Valideren aanvraag
10/10/2011 10:55,W_Nabellen offertes
10/10/2011 11:12,W_Valideren aanvraag
10/10/2011 11:30,W_Valideren aanvraag
10/10/2011 11:32,W_Nabellen offertes
10/10/2011 11:33,O_SENT_BACK
10/10/2011 11:33,W_Valideren aanvraag
10/10/2011 11:33,W_Nabellen offertes
10/10/2011 11:40,W_Nabellen incomplete dossiers
10/10/2011 11:42,W_Nabellen incomplete dossiers
10/10/2011 12:52,W_Nabellen offertes
10/10/2011 12:52,O_SENT_BACK
10/10/2011 12:52,W_Valideren aanvraag
10/10/2011 12:52,W_Nabellen offertes
10/10/2011 12:53,W_Nabellen offertes
10/10/2011 12:54,O_SENT_BACK
10/10/2011 12:54,W_Valideren aanvraag
10/10/2011 12:54,W_Nabellen offertes
10/10/2011 13:33,W_Nabellen offertes
10/10/2011 13:33,O_SENT_BACK
10/10/2011 13:33,W_Valideren aanvraag
10/10/2011 13:34,W_Nabellen offertes
10/10/2011 13:46,W_Nabellen offertes
10/10/2011 13:48,O_SENT_BACK
10/10/2011 13:48,W_Valideren aanvraag
10/10/2011 13:48,W_Nabellen offertes
10/10/2011 13:50,W_Nabellen offertes
10/10/2011 13:51,O_SENT_BACK
10/10/2011 13:51,W_Valideren aanvraag
10/10/2011 13:51,W_Nabellen offertes
10/10/2011 13:52,W_Nabellen offertes
10/10/2011 13:52,O_SENT_BACK
10/10/2011 13:52,W_Valideren aanvraag
10/10/2011 13:52,W_Nabellen offertes
10/10/2011 14:00,W_Nabellen offertes
10/10/2011 14:01,O_SENT_BACK
10/10/2011 14:01,W_Valideren aanvraag
10/10/2011 14:01,W_Nabellen offertes
10/10/2011 14:04,W_Valideren aanvraag
10/10/2011 14:11,W_Valideren aanvraag
10/10/2011 14:14,W_Valideren aanvraag
10/10/2011 14:14,W_Valideren aanvraag
10/10/2011 14:15,W_Nabellen incomplete dossiers
10/10/2011 14:17,O_ACCEPTED
10/10/2011 14:17,A_APPROVED
10/10/2011 14:17,A_REGISTERED
10/10/2011 14:17,A_ACTIVATED
10/10/2011 14:17,W_Valideren aanvraag
10/10/2011 14:22,W_Nabellen incomplete dossiers
10/10/2011 14:22,O_ACCEPTED
10/10/2011 14:22,A_APPROVED
10/10/2011 14:22,A_ACTIVATED
10/10/2011 14:22,A_REGISTERED
10/10/2011 14:22,W_Valideren aanvraag
10/10/2011 15:10,W_Nabellen offertes
10/10/2011 15:10,W_Nabellen offertes
10/10/2011 16:11,W_Nabellen offertes
10/10/2011 16:16,W_Nabellen offertes
10/10/2011 16:19,W_Nabellen offertes
10/10/2011 16:22,W_Nabellen incomplete dossiers
10/10/2011 16:28,W_Nabellen offertes
10/10/2011 16:28,W_Nabellen offertes
10/10/2011 16:28,O_DECLINED
10/10/2011 16:28,A_DECLINED
10/10/2011 16:28,W_Nabellen incomplete dossiers
10/10/2011 16:32,O_CANCELLED
10/10/2011 16:32,A_CANCELLED
10/10/2011 16:32,W_Nabellen offertes
10/10/2011 16:37,W_Nabellen offertes
10/10/2011 16:41,W_Nabellen offertes
10/10/2011 16:41,W_Nabellen offertes
10/10/2011 16:43,O_CANCELLED
10/10/2011 16:43,A_CANCELLED
10/10/2011 16:43,W_Nabellen offertes
10/10/2011 16:46,W_Nabellen offertes
10/10/2011 16:47,W_Nabellen offertes
10/10/2011 16:47,W_Nabellen offertes
10/10/2011 16:57,W_Nabellen offertes
10/10/2011 17:23,W_Nabellen offertes
10/10/2011 17:23,W_Nabellen offertes
10/10/2011 17:23,W_Nabellen offertes
10/10/2011 17:23,W_Nabellen offertes
10/10/2011 17:23,A_CANCELLED
10/10/2011 17:23,O_CANCELLED
10/10/2011 17:23,W_Nabellen offertes
10/10/2011 17:25,W_Nabellen offertes
10/10/2011 17:25,W_Nabellen offertes
10/10/2011 17:27,A_CANCELLED
10/10/2011 17:27,O_CANCELLED
10/10/2011 17:27,W_Nabellen offertes
10/10/2011 17:41,W_Nabellen offertes
10/10/2011 17:42,W_Completeren aanvraag
10/10/2011 17:43,W_Completeren aanvraag
10/10/2011 17:48,W_Nabellen offertes
10/10/2011 18:04,W_Nabellen offertes
10/10/2011 18:19,W_Nabellen offertes
10/10/2011 18:19,W_Nabellen offertes
10/10/2011 18:22,W_Nabellen offertes
10/10/2011 18:25,W_Nabellen offertes
10/10/2011 18:28,W_Nabellen offertes
10/10/2011 18:42,W_Nabellen offertes
10/10/2011 18:44,W_Nabellen offertes
10/10/2011 18:58,W_Nabellen offertes
10/10/2011 19:05,W_Nabellen offertes
10/10/2011 19:25,W_Nabellen offertes
10/10/2011 19:28,W_Nabellen offertes
10/10/2011 19:29,W_Nabellen offertes
10/10/2011 19:34,W_Nabellen offertes
10/10/2011 19:51,W_Nabellen offertes
10/10/2011 19:52,W_Nabellen offertes
10/10/2011 19:59,W_Nabellen offertes
10/10/2011 19:59,W_Nabellen offertes
10/10/2011 20:47,W_Nabellen offertes
10/10/2011 20:49,W_Nabellen offertes
10/10/2011 20:50,W_Nabellen offertes
10/10/2011 20:55,W_Nabellen offertes
10/10/2011 20:56,W_Nabellen offertes
10/10/2011 20:58,W_Nabellen offertes
10/11/2011 9:00,W_Valideren aanvraag
10/11/2011 9:15,A_DECLINED
10/11/2011 9:15,O_DECLINED
10/11/2011 9:15,W_Valideren aanvraag
10/11/2011 10:00,W_Nabellen offertes
10/11/2011 10:01,O_SENT_BACK
10/11/2011 10:01,W_Valideren aanvraag
10/11/2011 10:01,W_Nabellen offertes
10/11/2011 10:18,W_Nabellen offertes
10/11/2011 10:19,O_SENT_BACK
10/11/2011 10:19,W_Valideren aanvraag
10/11/2011 10:19,W_Nabellen offertes
10/11/2011 10:28,W_Valideren aanvraag
10/11/2011 10:39,O_ACCEPTED
10/11/2011 10:39,A_REGISTERED
10/11/2011 10:39,A_ACTIVATED
10/11/2011 10:39,A_APPROVED
10/11/2011 10:39,W_Valideren aanvraag
10/11/2011 10:46,W_Nabellen offertes
10/11/2011 10:47,W_Nabellen offertes
10/11/2011 10:58,W_Nabellen offertes
10/11/2011 11:01,O_SENT_BACK
10/11/2011 11:01,W_Valideren aanvraag
10/11/2011 11:01,W_Nabellen offertes
10/11/2011 12:14,W_Nabellen offertes
10/11/2011 12:20,W_Nabellen offertes
10/11/2011 13:48,W_Valideren aanvraag
10/11/2011 14:01,A_APPROVED
10/11/2011 14:01,O_ACCEPTED
10/11/2011 14:01,A_ACTIVATED
10/11/2011 14:01,A_REGISTERED
10/11/2011 14:01,W_Valideren aanvraag
10/11/2011 14:41,W_Valideren aanvraag
10/11/2011 14:57,O_ACCEPTED
10/11/2011 14:57,A_APPROVED
10/11/2011 14:57,A_REGISTERED
10/11/2011 14:57,A_ACTIVATED
10/11/2011 14:57,W_Valideren aanvraag
10/11/2011 16:20,W_Nabellen offertes
10/11/2011 16:20,W_Nabellen offertes
10/11/2011 17:53,W_Nabellen offertes
10/11/2011 17:59,W_Nabellen offertes
10/11/2011 18:11,W_Nabellen offertes
10/11/2011 18:12,W_Nabellen offertes
10/11/2011 18:51,W_Nabellen offertes
10/11/2011 18:56,W_Nabellen offertes
10/11/2011 19:54,W_Nabellen offertes
10/11/2011 19:55,W_Nabellen offertes
10/11/2011 20:37,W_Nabellen offertes
10/11/2011 20:42,W_Nabellen offertes
10/12/2011 8:58,W_Valideren aanvraag
10/12/2011 8:58,W_Valideren aanvraag
10/12/2011 9:58,W_Nabellen offertes
10/12/2011 10:00,W_Nabellen offertes
10/12/2011 10:42,W_Valideren aanvraag
10/12/2011 10:52,O_DECLINED
10/12/2011 10:52,A_DECLINED
10/12/2011 10:52,W_Valideren aanvraag
10/12/2011 11:57,W_Valideren aanvraag
10/12/2011 12:18,W_Nabellen incomplete dossiers
10/12/2011 12:18,W_Valideren aanvraag
10/12/2011 12:29,W_Nabellen incomplete dossiers
10/12/2011 12:36,W_Nabellen incomplete dossiers
10/12/2011 13:20,W_Nabellen incomplete dossiers
10/12/2011 13:25,W_Nabellen incomplete dossiers
10/12/2011 15:20,W_Valideren aanvraag
10/12/2011 15:36,W_Nabellen offertes
10/12/2011 15:37,W_Nabellen offertes
10/12/2011 15:54,W_Valideren aanvraag
10/12/2011 15:54,W_Valideren aanvraag
10/12/2011 16:00,O_ACCEPTED
10/12/2011 16:00,A_ACTIVATED
10/12/2011 16:00,A_APPROVED
10/12/2011 16:00,A_REGISTERED
10/12/2011 16:01,W_Valideren aanvraag
10/12/2011 16:10,W_Nabellen offertes
10/12/2011 16:13,W_Nabellen offertes
10/12/2011 16:22,W_Nabellen offertes
10/12/2011 16:22,W_Nabellen offertes
10/12/2011 16:23,W_Nabellen offertes
10/12/2011 16:24,W_Nabellen offertes
10/12/2011 16:46,W_Nabellen offertes
10/12/2011 16:47,W_Nabellen offertes
10/12/2011 17:37,W_Valideren aanvraag
10/12/2011 17:38,W_Valideren aanvraag
10/13/2011 9:08,W_Valideren aanvraag
10/13/2011 9:16,W_Nabellen incomplete dossiers
10/13/2011 9:16,W_Nabellen incomplete dossiers
10/13/2011 9:36,O_DECLINED
10/13/2011 9:36,A_DECLINED
10/13/2011 9:36,W_Valideren aanvraag
10/13/2011 9:58,W_Valideren aanvraag
10/13/2011 10:05,W_Valideren aanvraag
10/13/2011 10:26,A_DECLINED
10/13/2011 10:26,O_DECLINED
10/13/2011 10:26,W_Valideren aanvraag
10/13/2011 10:30,W_Valideren aanvraag
10/13/2011 10:37,A_REGISTERED
10/13/2011 10:37,A_APPROVED
10/13/2011 10:37,O_ACCEPTED
10/13/2011 10:37,A_ACTIVATED
10/13/2011 10:37,W_Valideren aanvraag
10/13/2011 10:49,W_Nabellen incomplete dossiers
10/13/2011 10:49,W_Valideren aanvraag
10/13/2011 10:58,W_Nabellen incomplete dossiers
10/13/2011 11:00,W_Valideren aanvraag
10/13/2011 11:03,W_Nabellen incomplete dossiers
10/13/2011 11:04,W_Nabellen incomplete dossiers
10/13/2011 11:05,A_DECLINED
10/13/2011 11:05,O_DECLINED
10/13/2011 11:05,W_Valideren aanvraag
10/13/2011 11:06,W_Nabellen incomplete dossiers
10/13/2011 11:06,W_Nabellen incomplete dossiers
10/13/2011 11:08,W_Nabellen incomplete dossiers
10/13/2011 11:27,W_Nabellen incomplete dossiers
10/13/2011 11:36,O_SELECTED
10/13/2011 11:36,O_CANCELLED
10/13/2011 11:36,O_CREATED
10/13/2011 11:36,O_SENT
10/13/2011 11:36,W_Nabellen incomplete dossiers
10/13/2011 11:36,W_Nabellen incomplete dossiers
10/13/2011 12:09,W_Valideren aanvraag
10/13/2011 12:14,W_Nabellen incomplete dossiers
10/13/2011 12:16,W_Nabellen incomplete dossiers
10/13/2011 12:36,W_Nabellen incomplete dossiers
10/13/2011 12:36,W_Valideren aanvraag
10/13/2011 12:56,W_Valideren aanvraag
10/13/2011 13:01,W_Nabellen incomplete dossiers
10/13/2011 13:05,W_Nabellen incomplete dossiers
10/13/2011 13:12,W_Valideren aanvraag
10/13/2011 13:35,W_Nabellen incomplete dossiers
10/13/2011 13:36,W_Valideren aanvraag
10/13/2011 13:36,W_Nabellen incomplete dossiers
10/13/2011 13:52,W_Nabellen incomplete dossiers
10/13/2011 13:53,W_Nabellen incomplete dossiers
10/13/2011 14:08,W_Valideren aanvraag
10/13/2011 14:11,W_Nabellen incomplete dossiers
10/13/2011 14:11,W_Valideren aanvraag
10/13/2011 14:14,W_Nabellen incomplete dossiers
10/13/2011 14:23,W_Nabellen incomplete dossiers
10/13/2011 14:24,W_Nabellen incomplete dossiers
10/13/2011 14:27,W_Nabellen incomplete dossiers
10/13/2011 14:30,W_Valideren aanvraag
10/13/2011 15:04,W_Nabellen incomplete dossiers
10/13/2011 15:04,W_Valideren aanvraag
10/13/2011 16:51,W_Nabellen incomplete dossiers
10/13/2011 17:12,W_Nabellen incomplete dossiers
10/13/2011 17:12,W_Nabellen incomplete dossiers
10/13/2011 17:14,W_Nabellen incomplete dossiers
10/13/2011 17:14,W_Nabellen incomplete dossiers
10/13/2011 17:14,W_Nabellen incomplete dossiers
10/13/2011 18:34,W_Nabellen offertes
10/13/2011 18:35,W_Nabellen offertes
10/13/2011 18:49,W_Nabellen offertes
10/13/2011 18:50,W_Nabellen offertes
10/13/2011 18:59,W_Nabellen incomplete dossiers
10/13/2011 19:06,W_Valideren aanvraag
10/13/2011 19:06,W_Nabellen incomplete dossiers
10/13/2011 19:54,W_Nabellen offertes
10/13/2011 19:54,W_Nabellen incomplete dossiers
10/13/2011 20:00,O_CANCELLED
10/13/2011 20:00,A_CANCELLED
10/13/2011 20:00,W_Nabellen offertes
10/13/2011 20:01,W_Nabellen offertes
10/13/2011 20:01,W_Nabellen incomplete dossiers
10/13/2011 20:04,W_Nabellen offertes
10/13/2011 20:04,W_Nabellen offertes
10/13/2011 20:05,W_Nabellen offertes
10/13/2011 20:41,W_Nabellen offertes
10/13/2011 20:41,W_Nabellen offertes
10/13/2011 20:46,W_Nabellen offertes
10/13/2011 20:52,W_Nabellen offertes
10/13/2011 20:55,W_Nabellen offertes
10/13/2011 20:56,W_Nabellen offertes
10/14/2011 8:23,W_Valideren aanvraag
10/14/2011 8:30,O_ACCEPTED
10/14/2011 8:30,A_APPROVED
10/14/2011 8:30,A_REGISTERED
10/14/2011 8:30,A_ACTIVATED
10/14/2011 8:30,W_Valideren aanvraag
10/14/2011 9:55,W_Valideren aanvraag
10/14/2011 9:56,W_Valideren aanvraag
10/14/2011 9:58,W_Valideren aanvraag
10/14/2011 10:05,W_Nabellen incomplete dossiers
10/14/2011 10:05,O_DECLINED
10/14/2011 10:05,A_DECLINED
10/14/2011 10:05,W_Valideren aanvraag
10/14/2011 10:06,W_Nabellen incomplete dossiers
10/14/2011 10:08,W_Nabellen offertes
10/14/2011 10:08,O_SENT_BACK
10/14/2011 10:08,W_Valideren aanvraag
10/14/2011 10:08,W_Nabellen offertes
10/14/2011 10:20,W_Nabellen offertes
10/14/2011 10:21,O_SENT_BACK
10/14/2011 10:21,W_Valideren aanvraag
10/14/2011 10:21,W_Nabellen offertes
10/14/2011 13:19,W_Nabellen incomplete dossiers
10/14/2011 13:19,W_Nabellen incomplete dossiers
10/14/2011 13:35,W_Nabellen incomplete dossiers
10/14/2011 13:37,W_Nabellen incomplete dossiers
10/14/2011 13:49,W_Completeren aanvraag
10/14/2011 13:51,W_Completeren aanvraag
10/14/2011 13:52,W_Completeren aanvraag
10/14/2011 13:52,W_Completeren aanvraag
10/14/2011 14:04,W_Nabellen incomplete dossiers
10/14/2011 14:05,W_Nabellen incomplete dossiers
10/14/2011 14:26,W_Completeren aanvraag
10/14/2011 14:26,W_Beoordelen fraude
10/14/2011 14:26,W_Completeren aanvraag
10/14/2011 14:26,W_Beoordelen fraude
10/14/2011 14:26,W_Beoordelen fraude
10/14/2011 14:27,W_Beoordelen fraude
10/14/2011 14:28,A_DECLINED
10/14/2011 14:28,W_Beoordelen fraude
10/14/2011 15:17,W_Valideren aanvraag
10/14/2011 15:41,A_APPROVED
10/14/2011 15:41,A_ACTIVATED
10/14/2011 15:41,A_REGISTERED
10/14/2011 15:41,O_ACCEPTED
10/14/2011 15:41,W_Valideren aanvraag
10/14/2011 15:45,W_Completeren aanvraag
10/14/2011 15:48,W_Nabellen incomplete dossiers
10/14/2011 15:49,W_Valideren aanvraag
10/14/2011 15:49,W_Nabellen incomplete dossiers
10/14/2011 15:52,A_DECLINED
10/14/2011 15:52,W_Completeren aanvraag
10/14/2011 16:21,W_Valideren aanvraag
10/14/2011 16:22,O_ACCEPTED
10/14/2011 16:22,A_REGISTERED
10/14/2011 16:22,A_APPROVED
10/14/2011 16:22,A_ACTIVATED
10/14/2011 16:22,W_Valideren aanvraag
10/14/2011 18:15,W_Nabellen offertes
10/14/2011 18:16,W_Nabellen offertes
10/15/2011 15:02,W_Nabellen offertes
10/15/2011 15:05,W_Nabellen offertes
10/15/2011 15:13,W_Nabellen incomplete dossiers
10/15/2011 15:17,W_Nabellen incomplete dossiers
10/15/2011 16:56,W_Nabellen incomplete dossiers
10/15/2011 16:56,W_Nabellen incomplete dossiers
10/17/2011 10:19,W_Nabellen offertes
10/17/2011 10:19,O_SENT_BACK
10/17/2011 10:19,W_Valideren aanvraag
10/17/2011 10:19,W_Nabellen offertes
10/17/2011 11:28,W_Nabellen offertes
10/17/2011 11:29,O_SENT_BACK
10/17/2011 11:29,W_Valideren aanvraag
10/17/2011 11:29,W_Nabellen offertes
10/17/2011 13:31,W_Nabellen incomplete dossiers
10/17/2011 13:32,W_Nabellen incomplete dossiers
10/17/2011 14:28,W_Nabellen incomplete dossiers
10/17/2011 14:28,W_Nabellen incomplete dossiers
10/17/2011 19:41,W_Nabellen offertes
10/17/2011 19:43,O_SELECTED
10/17/2011 19:43,O_CANCELLED
10/17/2011 19:43,O_CREATED
10/17/2011 19:43,O_SENT
10/17/2011 19:43,W_Nabellen offertes
10/17/2011 19:43,W_Nabellen offertes
10/17/2011 20:01,W_Nabellen offertes
10/17/2011 20:03,W_Nabellen offertes
10/18/2011 9:43,W_Nabellen offertes
10/18/2011 9:43,W_Valideren aanvraag
10/18/2011 9:47,W_Nabellen offertes
10/18/2011 9:47,W_Nabellen offertes
10/18/2011 10:17,W_Nabellen incomplete dossiers
10/18/2011 10:17,W_Valideren aanvraag
10/18/2011 10:20,W_Nabellen incomplete dossiers
10/18/2011 10:20,O_SENT_BACK
10/18/2011 10:20,W_Valideren aanvraag
10/18/2011 10:20,W_Nabellen incomplete dossiers
10/18/2011 10:21,W_Nabellen offertes
10/18/2011 10:21,W_Nabellen offertes
10/18/2011 10:48,W_Nabellen incomplete dossiers
10/18/2011 10:55,W_Valideren aanvraag
10/18/2011 10:55,W_Nabellen incomplete dossiers
10/18/2011 10:59,W_Valideren aanvraag
10/18/2011 11:18,W_Valideren aanvraag
10/18/2011 11:20,W_Valideren aanvraag
10/18/2011 11:25,O_ACCEPTED
10/18/2011 11:25,A_REGISTERED
10/18/2011 11:25,A_ACTIVATED
10/18/2011 11:25,A_APPROVED
10/18/2011 11:25,W_Valideren aanvraag
10/18/2011 11:40,W_Nabellen offertes
10/18/2011 11:41,W_Nabellen offertes
10/18/2011 11:48,W_Nabellen offertes
10/18/2011 11:49,W_Nabellen offertes
10/18/2011 11:50,W_Valideren aanvraag
10/18/2011 12:01,O_ACCEPTED
10/18/2011 12:01,A_APPROVED
10/18/2011 12:01,A_REGISTERED
10/18/2011 12:01,A_ACTIVATED
10/18/2011 12:01,W_Valideren aanvraag
10/18/2011 12:53,W_Nabellen offertes
10/18/2011 13:37,W_Nabellen offertes
10/18/2011 14:04,W_Nabellen offertes
10/18/2011 14:05,W_Nabellen offertes
10/18/2011 14:09,W_Nabellen offertes
10/18/2011 14:11,W_Nabellen offertes
10/18/2011 14:12,A_CANCELLED
10/18/2011 14:12,O_CANCELLED
10/18/2011 14:12,W_Nabellen offertes
10/18/2011 16:14,W_Nabellen incomplete dossiers
10/18/2011 16:46,W_Nabellen incomplete dossiers
10/18/2011 17:23,W_Nabellen incomplete dossiers
10/18/2011 17:46,W_Valideren aanvraag
10/18/2011 17:46,W_Nabellen incomplete dossiers
10/19/2011 8:12,W_Valideren aanvraag
10/19/2011 8:15,W_Valideren aanvraag
10/19/2011 8:40,W_Valideren aanvraag
10/19/2011 8:53,W_Nabellen incomplete dossiers
10/19/2011 8:53,W_Valideren aanvraag
10/19/2011 9:04,W_Nabellen incomplete dossiers
10/19/2011 9:17,W_Nabellen incomplete dossiers
10/19/2011 9:17,W_Nabellen incomplete dossiers
10/19/2011 9:24,W_Nabellen incomplete dossiers
10/19/2011 10:47,W_Nabellen offertes
10/19/2011 10:49,W_Nabellen offertes
10/19/2011 12:25,W_Valideren aanvraag
10/19/2011 13:00,W_Valideren aanvraag
10/19/2011 13:20,W_Nabellen incomplete dossiers
10/19/2011 13:20,W_Valideren aanvraag
10/19/2011 13:23,W_Nabellen incomplete dossiers
10/19/2011 13:25,W_Nabellen incomplete dossiers
10/19/2011 13:25,W_Valideren aanvraag
10/19/2011 13:32,W_Nabellen incomplete dossiers
10/19/2011 13:34,W_Nabellen incomplete dossiers
10/19/2011 13:36,W_Nabellen incomplete dossiers
10/19/2011 14:05,W_Valideren aanvraag
10/19/2011 14:20,W_Nabellen incomplete dossiers
10/19/2011 14:20,W_Valideren aanvraag
10/19/2011 14:36,W_Nabellen incomplete dossiers
10/19/2011 14:41,W_Nabellen incomplete dossiers
10/19/2011 14:49,W_Nabellen incomplete dossiers
10/19/2011 14:53,W_Nabellen incomplete dossiers
10/19/2011 15:07,W_Nabellen offertes
10/19/2011 15:17,W_Nabellen offertes
10/19/2011 18:43,W_Nabellen offertes
10/19/2011 18:47,W_Nabellen offertes
10/19/2011 18:48,W_Nabellen offertes
10/19/2011 18:51,A_CANCELLED
10/19/2011 18:51,O_CANCELLED
10/19/2011 18:51,W_Nabellen offertes
10/19/2011 18:55,W_Nabellen incomplete dossiers
10/19/2011 19:06,W_Nabellen offertes
10/19/2011 19:11,W_Nabellen incomplete dossiers
10/19/2011 19:12,W_Nabellen incomplete dossiers
10/19/2011 19:17,W_Nabellen offertes
10/19/2011 19:37,W_Nabellen incomplete dossiers
10/19/2011 19:54,W_Nabellen offertes
10/19/2011 19:55,W_Nabellen offertes
10/19/2011 19:56,W_Nabellen offertes
10/19/2011 19:57,W_Nabellen offertes
10/19/2011 19:59,W_Nabellen offertes
10/19/2011 20:01,W_Nabellen offertes
10/19/2011 20:03,W_Nabellen incomplete dossiers
10/19/2011 20:16,W_Nabellen incomplete dossiers
10/19/2011 20:23,W_Nabellen incomplete dossiers
10/19/2011 20:28,W_Nabellen incomplete dossiers
10/19/2011 20:28,W_Nabellen offertes
10/19/2011 20:32,W_Nabellen offertes
10/20/2011 8:10,W_Nabellen incomplete dossiers
10/20/2011 8:10,W_Valideren aanvraag
10/20/2011 8:10,W_Nabellen incomplete dossiers
10/20/2011 9:11,W_Nabellen offertes
10/20/2011 9:11,O_SENT_BACK
10/20/2011 9:11,W_Valideren aanvraag
10/20/2011 9:11,W_Nabellen offertes
10/20/2011 9:28,W_Nabellen incomplete dossiers
10/20/2011 9:29,W_Nabellen incomplete dossiers
10/20/2011 9:30,W_Nabellen incomplete dossiers
10/20/2011 9:30,W_Nabellen incomplete dossiers
10/20/2011 9:33,W_Nabellen incomplete dossiers
10/20/2011 9:33,W_Nabellen incomplete dossiers
10/20/2011 9:37,W_Valideren aanvraag
10/20/2011 10:08,W_Nabellen incomplete dossiers
10/20/2011 10:08,W_Valideren aanvraag
10/20/2011 10:18,W_Nabellen incomplete dossiers
10/20/2011 10:27,W_Nabellen incomplete dossiers
10/20/2011 10:43,W_Nabellen incomplete dossiers
10/20/2011 10:45,W_Valideren aanvraag
10/20/2011 10:45,W_Nabellen incomplete dossiers
10/20/2011 11:55,W_Valideren aanvraag
10/20/2011 12:00,W_Nabellen incomplete dossiers
10/20/2011 12:00,W_Valideren aanvraag
10/20/2011 12:19,W_Nabellen incomplete dossiers
10/20/2011 12:32,W_Nabellen incomplete dossiers
10/20/2011 12:47,W_Completeren aanvraag
10/20/2011 12:48,W_Completeren aanvraag
10/20/2011 13:51,W_Nabellen incomplete dossiers
10/20/2011 13:52,W_Nabellen incomplete dossiers
10/20/2011 16:25,W_Nabellen incomplete dossiers
10/20/2011 16:25,W_Valideren aanvraag
10/20/2011 16:25,W_Nabellen incomplete dossiers
10/20/2011 16:55,W_Valideren aanvraag
10/21/2011 6:15,W_Valideren aanvraag
10/21/2011 9:01,W_Valideren aanvraag
10/21/2011 9:05,W_Valideren aanvraag
10/21/2011 9:06,W_Valideren aanvraag
10/21/2011 9:08,O_ACCEPTED
10/21/2011 9:08,A_ACTIVATED
10/21/2011 9:08,A_REGISTERED
10/21/2011 9:08,A_APPROVED
10/21/2011 9:08,W_Valideren aanvraag
10/21/2011 12:31,W_Nabellen offertes
10/21/2011 12:32,W_Nabellen offertes
10/21/2011 18:56,W_Nabellen incomplete dossiers
10/21/2011 18:57,W_Nabellen incomplete dossiers
10/21/2011 19:23,W_Nabellen offertes
10/21/2011 19:25,W_Nabellen offertes
10/21/2011 20:25,W_Nabellen offertes
10/21/2011 20:25,W_Nabellen offertes
10/24/2011 9:04,W_Nabellen offertes
10/24/2011 9:08,O_CANCELLED
10/24/2011 9:08,O_SELECTED
10/24/2011 9:08,O_CREATED
10/24/2011 9:08,O_SENT
10/24/2011 9:08,W_Nabellen offertes
10/24/2011 9:08,W_Nabellen offertes
10/24/2011 9:08,W_Nabellen offertes
10/24/2011 9:12,W_Nabellen offertes
10/24/2011 9:13,W_Nabellen offertes
10/24/2011 9:14,W_Nabellen offertes
10/24/2011 10:32,W_Nabellen incomplete dossiers
10/24/2011 10:35,W_Nabellen incomplete dossiers
10/24/2011 11:27,W_Nabellen offertes
10/24/2011 11:28,O_SENT_BACK
10/24/2011 11:28,W_Valideren aanvraag
10/24/2011 11:28,W_Nabellen offertes
10/24/2011 15:18,W_Nabellen incomplete dossiers
10/24/2011 15:22,W_Nabellen offertes
10/24/2011 15:24,W_Nabellen offertes
10/24/2011 15:24,W_Nabellen incomplete dossiers
10/24/2011 16:11,W_Nabellen offertes
10/24/2011 16:13,W_Nabellen offertes
10/25/2011 10:46,W_Nabellen offertes
10/25/2011 10:50,W_Nabellen offertes
10/25/2011 12:02,W_Nabellen offertes
10/25/2011 12:02,W_Nabellen offertes
10/25/2011 16:10,W_Nabellen offertes
10/25/2011 16:11,W_Nabellen offertes
10/25/2011 16:11,W_Nabellen offertes
10/25/2011 16:12,W_Nabellen offertes
10/25/2011 18:15,W_Nabellen offertes
10/25/2011 18:16,W_Nabellen offertes
10/25/2011 18:47,W_Nabellen offertes
10/25/2011 19:05,W_Nabellen offertes
10/26/2011 7:42,W_Valideren aanvraag
10/26/2011 8:07,O_DECLINED
10/26/2011 8:07,A_DECLINED
10/26/2011 8:07,W_Valideren aanvraag
10/26/2011 8:11,W_Nabellen incomplete dossiers
10/26/2011 8:12,W_Valideren aanvraag
10/26/2011 8:12,W_Nabellen incomplete dossiers
10/26/2011 10:22,W_Nabellen offertes
10/26/2011 10:23,O_SENT_BACK
10/26/2011 10:23,W_Valideren aanvraag
10/26/2011 10:23,W_Nabellen offertes
10/26/2011 11:20,W_Nabellen incomplete dossiers
10/26/2011 11:20,W_Nabellen incomplete dossiers
10/26/2011 18:48,W_Nabellen offertes
10/26/2011 18:50,W_Nabellen offertes
10/26/2011 19:28,W_Completeren aanvraag
10/26/2011 19:29,W_Completeren aanvraag
10/27/2011 9:02,W_Valideren aanvraag
10/27/2011 9:17,O_ACCEPTED
10/27/2011 9:17,A_APPROVED
10/27/2011 9:17,A_REGISTERED
10/27/2011 9:17,A_ACTIVATED
10/27/2011 9:18,W_Valideren aanvraag
10/27/2011 9:23,W_Nabellen incomplete dossiers
10/27/2011 9:23,W_Nabellen incomplete dossiers
10/27/2011 9:26,W_Nabellen incomplete dossiers
10/27/2011 9:26,W_Nabellen incomplete dossiers
10/27/2011 10:53,W_Nabellen offertes
10/27/2011 10:53,O_SENT_BACK
10/27/2011 10:53,W_Valideren aanvraag
10/27/2011 10:53,W_Nabellen offertes
10/27/2011 11:00,W_Completeren aanvraag
10/27/2011 11:03,W_Completeren aanvraag
10/27/2011 14:06,W_Nabellen incomplete dossiers
10/27/2011 14:08,W_Nabellen incomplete dossiers
10/27/2011 14:09,W_Nabellen incomplete dossiers
10/27/2011 14:09,W_Nabellen incomplete dossiers
10/27/2011 14:53,W_Nabellen offertes
10/27/2011 14:55,W_Nabellen offertes
10/28/2011 7:50,W_Nabellen incomplete dossiers
10/28/2011 7:50,W_Valideren aanvraag
10/28/2011 7:50,W_Nabellen incomplete dossiers
10/28/2011 9:38,W_Valideren aanvraag
10/28/2011 9:50,W_Nabellen incomplete dossiers
10/28/2011 9:50,W_Valideren aanvraag
10/28/2011 11:54,W_Nabellen incomplete dossiers
10/28/2011 11:54,W_Nabellen incomplete dossiers
10/28/2011 11:58,W_Valideren aanvraag
10/28/2011 12:02,W_Valideren aanvraag
10/28/2011 12:05,W_Valideren aanvraag
10/28/2011 12:19,W_Nabellen incomplete dossiers
10/28/2011 12:19,W_Valideren aanvraag
10/28/2011 12:25,W_Nabellen incomplete dossiers
10/28/2011 12:35,W_Valideren aanvraag
10/28/2011 12:35,W_Nabellen incomplete dossiers
10/28/2011 15:47,W_Nabellen incomplete dossiers
10/28/2011 15:50,W_Nabellen incomplete dossiers
10/28/2011 16:04,W_Nabellen incomplete dossiers
10/28/2011 16:27,O_CANCELLED
10/28/2011 16:27,O_SELECTED
10/28/2011 16:27,O_CREATED
10/28/2011 16:27,O_SENT
10/28/2011 16:27,W_Nabellen incomplete dossiers
10/28/2011 16:27,W_Nabellen incomplete dossiers
10/28/2011 16:32,W_Nabellen incomplete dossiers
10/28/2011 16:33,W_Nabellen incomplete dossiers
10/28/2011 19:49,W_Nabellen incomplete dossiers
10/28/2011 19:51,W_Nabellen incomplete dossiers
10/29/2011 12:39,W_Nabellen offertes
10/29/2011 12:41,W_Nabellen offertes
10/31/2011 10:35,W_Valideren aanvraag
10/31/2011 10:38,W_Valideren aanvraag
10/31/2011 12:14,W_Valideren aanvraag
10/31/2011 12:18,W_Nabellen incomplete dossiers
10/31/2011 12:18,W_Valideren aanvraag
10/31/2011 13:49,W_Valideren aanvraag
10/31/2011 14:19,W_Nabellen incomplete dossiers
10/31/2011 14:19,W_Valideren aanvraag
10/31/2011 15:11,W_Valideren aanvraag
10/31/2011 15:33,A_DECLINED
10/31/2011 15:33,O_DECLINED
10/31/2011 15:34,W_Valideren aanvraag
10/31/2011 16:33,W_Nabellen incomplete dossiers
10/31/2011 16:36,W_Nabellen incomplete dossiers
10/31/2011 17:10,W_Nabellen offertes
10/31/2011 17:11,W_Nabellen offertes
10/31/2011 17:28,W_Nabellen offertes
10/31/2011 17:28,W_Nabellen offertes
10/31/2011 18:10,W_Nabellen incomplete dossiers
10/31/2011 18:17,W_Nabellen incomplete dossiers
10/31/2011 20:11,W_Nabellen offertes
10/31/2011 20:13,W_Nabellen offertes
10/31/2011 21:36,W_Nabellen incomplete dossiers
10/31/2011 21:37,W_Nabellen incomplete dossiers
11/1/2011 10:15,W_Completeren aanvraag
11/1/2011 10:15,A_CANCELLED
11/1/2011 10:38,W_Nabellen incomplete dossiers
11/1/2011 10:39,W_Nabellen incomplete dossiers
11/1/2011 12:18,W_Nabellen incomplete dossiers
11/1/2011 12:19,W_Nabellen incomplete dossiers
11/1/2011 12:32,W_Nabellen incomplete dossiers
11/1/2011 15:19,W_Nabellen incomplete dossiers
11/1/2011 15:54,W_Nabellen offertes
11/1/2011 15:55,W_Nabellen offertes
11/1/2011 16:01,W_Nabellen incomplete dossiers
11/1/2011 16:13,W_Nabellen incomplete dossiers
11/1/2011 17:37,W_Nabellen incomplete dossiers
11/1/2011 17:40,W_Nabellen incomplete dossiers
11/1/2011 17:40,W_Nabellen incomplete dossiers
11/1/2011 17:43,W_Nabellen incomplete dossiers
11/1/2011 18:16,W_Nabellen offertes
11/1/2011 18:21,W_Nabellen offertes
11/1/2011 19:47,W_Nabellen incomplete dossiers
11/1/2011 20:00,W_Nabellen incomplete dossiers
11/1/2011 20:00,W_Nabellen incomplete dossiers
11/1/2011 20:10,W_Nabellen incomplete dossiers
11/1/2011 21:23,W_Completeren aanvraag
11/1/2011 21:23,W_Completeren aanvraag
11/1/2011 21:36,W_Completeren aanvraag
11/1/2011 21:36,W_Completeren aanvraag
11/2/2011 10:11,W_Nabellen offertes
11/2/2011 10:15,W_Completeren aanvraag
11/2/2011 10:15,A_CANCELLED
11/2/2011 10:15,W_Completeren aanvraag
11/2/2011 10:15,A_CANCELLED
11/2/2011 10:15,O_SENT_BACK
11/2/2011 10:15,W_Valideren aanvraag
11/2/2011 10:15,W_Nabellen offertes
11/3/2011 9:37,W_Nabellen incomplete dossiers
11/3/2011 9:38,W_Nabellen incomplete dossiers
11/3/2011 9:46,W_Nabellen incomplete dossiers
11/3/2011 9:46,W_Nabellen incomplete dossiers
11/3/2011 9:49,W_Nabellen incomplete dossiers
11/3/2011 9:49,W_Nabellen incomplete dossiers
11/3/2011 9:54,W_Nabellen incomplete dossiers
11/3/2011 9:54,W_Nabellen incomplete dossiers
11/3/2011 10:15,W_Nabellen offertes
11/3/2011 10:15,A_CANCELLED
11/3/2011 10:15,O_CANCELLED
11/3/2011 10:15,W_Nabellen offertes
11/3/2011 10:15,O_CANCELLED
11/3/2011 10:15,A_CANCELLED
11/3/2011 10:15,W_Nabellen offertes
11/3/2011 10:15,A_CANCELLED
11/3/2011 10:15,O_CANCELLED
11/3/2011 10:15,W_Nabellen offertes
11/3/2011 10:15,O_CANCELLED
11/3/2011 10:15,A_CANCELLED
11/3/2011 15:19,W_Nabellen incomplete dossiers
11/3/2011 17:28,W_Nabellen incomplete dossiers
11/3/2011 18:13,W_Nabellen incomplete dossiers
11/3/2011 18:15,W_Nabellen incomplete dossiers
11/4/2011 12:45,W_Nabellen incomplete dossiers
11/4/2011 12:46,O_SENT_BACK
11/4/2011 12:46,W_Valideren aanvraag
11/4/2011 12:46,W_Nabellen incomplete dossiers
11/4/2011 14:03,W_Valideren aanvraag
11/4/2011 14:09,O_ACCEPTED
11/4/2011 14:09,A_APPROVED
11/4/2011 14:09,A_REGISTERED
11/4/2011 14:09,A_ACTIVATED
11/4/2011 14:09,W_Valideren aanvraag
11/4/2011 16:24,W_Valideren aanvraag
11/4/2011 17:04,O_ACCEPTED
11/4/2011 17:04,A_APPROVED
11/4/2011 17:04,A_REGISTERED
11/4/2011 17:04,A_ACTIVATED
11/4/2011 17:05,W_Valideren aanvraag
11/5/2011 12:14,W_Nabellen incomplete dossiers
11/5/2011 12:18,W_Nabellen incomplete dossiers
11/5/2011 15:44,W_Nabellen incomplete dossiers
11/5/2011 15:46,W_Nabellen incomplete dossiers
11/7/2011 9:56,W_Nabellen incomplete dossiers
11/7/2011 9:57,W_Nabellen incomplete dossiers
11/7/2011 10:04,W_Nabellen incomplete dossiers
11/7/2011 10:05,W_Nabellen incomplete dossiers
11/7/2011 10:32,W_Nabellen incomplete dossiers
11/7/2011 10:33,W_Nabellen incomplete dossiers
11/7/2011 15:39,W_Nabellen incomplete dossiers
11/7/2011 15:39,W_Nabellen incomplete dossiers
11/7/2011 16:06,W_Nabellen incomplete dossiers
11/7/2011 16:09,W_Nabellen incomplete dossiers
11/8/2011 17:08,W_Nabellen incomplete dossiers
11/8/2011 21:37,W_Nabellen incomplete dossiers
11/9/2011 11:37,W_Nabellen incomplete dossiers
11/9/2011 11:38,W_Valideren aanvraag
11/9/2011 11:38,W_Nabellen incomplete dossiers
11/9/2011 13:11,W_Valideren aanvraag
11/9/2011 13:18,W_Nabellen incomplete dossiers
11/9/2011 13:18,W_Valideren aanvraag
11/9/2011 14:17,W_Nabellen incomplete dossiers
11/9/2011 14:22,W_Nabellen incomplete dossiers
11/9/2011 14:22,W_Nabellen incomplete dossiers
11/9/2011 14:22,W_Nabellen incomplete dossiers
11/9/2011 17:18,W_Nabellen incomplete dossiers
11/9/2011 19:13,W_Nabellen incomplete dossiers
11/9/2011 19:16,W_Nabellen incomplete dossiers
11/9/2011 22:02,W_Nabellen incomplete dossiers
11/10/2011 12:19,W_Nabellen incomplete dossiers
11/10/2011 12:20,W_Nabellen incomplete dossiers
11/10/2011 12:26,W_Nabellen incomplete dossiers
11/10/2011 12:27,W_Nabellen incomplete dossiers
11/10/2011 12:31,W_Nabellen incomplete dossiers
11/10/2011 12:31,W_Nabellen incomplete dossiers
11/10/2011 21:47,W_Nabellen incomplete dossiers
11/10/2011 21:50,W_Nabellen incomplete dossiers
11/11/2011 10:11,W_Nabellen incomplete dossiers
11/11/2011 10:21,W_Nabellen incomplete dossiers
11/11/2011 10:30,W_Nabellen incomplete dossiers
11/11/2011 10:30,W_Valideren aanvraag
11/11/2011 10:30,W_Nabellen incomplete dossiers
11/11/2011 11:21,W_Valideren aanvraag
11/11/2011 11:25,W_Valideren aanvraag
11/12/2011 11:28,W_Nabellen incomplete dossiers
11/12/2011 11:33,W_Nabellen incomplete dossiers
11/15/2011 13:28,W_Valideren aanvraag
11/15/2011 13:28,W_Valideren aanvraag
11/15/2011 13:34,W_Valideren aanvraag
11/15/2011 13:50,A_APPROVED
11/15/2011 13:50,O_ACCEPTED
11/15/2011 13:50,A_ACTIVATED
11/15/2011 13:50,A_REGISTERED
11/15/2011 13:50,W_Valideren aanvraag
11/16/2011 16:06,W_Nabellen incomplete dossiers
11/16/2011 16:11,W_Nabellen incomplete dossiers
11/17/2011 16:29,W_Nabellen incomplete dossiers
11/17/2011 16:29,W_Nabellen incomplete dossiers
11/17/2011 16:34,W_Nabellen incomplete dossiers
11/17/2011 16:34,W_Nabellen incomplete dossiers
11/18/2011 10:21,W_Nabellen incomplete dossiers
11/18/2011 10:29,W_Nabellen incomplete dossiers
11/18/2011 16:39,W_Nabellen incomplete dossiers
11/18/2011 16:40,W_Nabellen incomplete dossiers
11/18/2011 17:24,W_Nabellen incomplete dossiers
11/18/2011 17:25,W_Nabellen incomplete dossiers
11/18/2011 21:46,W_Nabellen incomplete dossiers
11/18/2011 21:46,W_Nabellen incomplete dossiers
11/19/2011 11:28,W_Nabellen incomplete dossiers
11/19/2011 11:29,W_Nabellen incomplete dossiers
11/19/2011 11:39,W_Nabellen incomplete dossiers
11/19/2011 11:40,W_Nabellen incomplete dossiers
11/19/2011 14:58,W_Nabellen incomplete dossiers
11/19/2011 14:58,W_Nabellen incomplete dossiers
11/21/2011 10:30,W_Nabellen incomplete dossiers
11/21/2011 10:33,W_Nabellen incomplete dossiers
11/21/2011 11:00,W_Nabellen incomplete dossiers
11/21/2011 11:01,W_Nabellen incomplete dossiers
11/21/2011 11:04,W_Nabellen incomplete dossiers
11/21/2011 11:26,W_Nabellen incomplete dossiers
11/21/2011 21:42,W_Nabellen incomplete dossiers
11/21/2011 21:44,W_Nabellen incomplete dossiers
11/22/2011 12:26,W_Nabellen incomplete dossiers
11/22/2011 12:27,W_Nabellen incomplete dossiers
11/22/2011 15:42,W_Nabellen incomplete dossiers
11/22/2011 15:49,W_Nabellen incomplete dossiers
11/23/2011 11:45,W_Nabellen incomplete dossiers
11/23/2011 11:50,W_Nabellen incomplete dossiers
11/23/2011 15:06,W_Nabellen incomplete dossiers
11/23/2011 15:19,W_Nabellen incomplete dossiers
11/23/2011 21:00,W_Nabellen incomplete dossiers
11/23/2011 21:01,W_Nabellen incomplete dossiers
11/24/2011 11:35,W_Nabellen incomplete dossiers
11/24/2011 11:41,W_Nabellen incomplete dossiers
11/24/2011 11:45,W_Nabellen incomplete dossiers
11/24/2011 11:48,W_Nabellen incomplete dossiers
11/24/2011 12:09,W_Nabellen incomplete dossiers
11/24/2011 12:09,W_Nabellen incomplete dossiers
11/24/2011 18:17,W_Nabellen incomplete dossiers
11/24/2011 18:37,W_Nabellen incomplete dossiers
11/25/2011 15:15,W_Nabellen incomplete dossiers
11/25/2011 15:16,W_Nabellen incomplete dossiers
11/26/2011 11:13,W_Nabellen incomplete dossiers
11/26/2011 11:15,W_Nabellen incomplete dossiers
11/26/2011 15:33,W_Nabellen incomplete dossiers
11/26/2011 15:34,W_Nabellen incomplete dossiers
11/28/2011 11:35,W_Nabellen incomplete dossiers
11/28/2011 11:47,W_Nabellen incomplete dossiers
11/28/2011 16:32,W_Nabellen incomplete dossiers
11/28/2011 16:33,W_Valideren aanvraag
11/28/2011 16:33,W_Nabellen incomplete dossiers
11/29/2011 10:11,W_Valideren aanvraag
11/29/2011 10:27,O_ACCEPTED
11/29/2011 10:27,A_REGISTERED
11/29/2011 10:27,A_APPROVED
11/29/2011 10:27,A_ACTIVATED
11/29/2011 10:27,W_Valideren aanvraag
11/29/2011 13:11,W_Nabellen incomplete dossiers
11/29/2011 13:13,W_Nabellen incomplete dossiers
11/29/2011 15:34,W_Nabellen incomplete dossiers
11/29/2011 16:05,O_ACCEPTED
11/29/2011 16:05,A_APPROVED
11/29/2011 16:05,A_REGISTERED
11/29/2011 16:05,A_ACTIVATED
11/29/2011 16:05,W_Nabellen incomplete dossiers
2/15/2012 13:29,W_Wijzigen contractgegevens
